발생년,발생년월일시,발생분,주야,요일,사망자수,사상자수,중상자수,경상자수,부상신고자수,발생지시도,발생지시군구,사고유형_대분류,사고유형_중분류,사고유형,법규위반_대분류,법규위반,도로형태_대분류,도로형태,당사자종별_1당_대분류,당사자종별_1당,당사자종별_2당_대분류,당사자종별_2당,발생위치X_UTMK,발생위치Y_UTMK,경도,위도
2016,2016051212,25,주간,목,1,1,0,0,0,대구,북구,차대사람,횡단중,횡단중,운전자법규위반,안전운전 의무 불이행,단일로,기타단일로,승용차,경형,보행자,보행자,1099004,1765099,128.5972046,35.87739052
2016,2016051213,5,주간,목,1,3,1,1,0,경남,창원시(통합),차대사람,횡단중,횡단중,운전자법규위반,중앙선 침범,교차로,교차로부근,승용차,중형,보행자,보행자,1110194,1691218,128.7106584,35.21027087
2016,2016051702,40,야간,화,1,1,0,0,0,인천,남동구,차대차,측면직각충돌,측면직각충돌,운전자법규위반,안전운전 의무 불이행,단일로,기타단일로,승용차,중형,화물차,소형,929843,1932624,126.7074469,37.39005944
2016,2016051714,5,주간,화,1,1,0,0,0,인천,옹진군,차대차,기타,기타,운전자법규위반,안전운전 의무 불이행,단일로,기타단일로,화물차,소형,농기계,농기계,752398,1997371,124.6823224,37.9425497
2016,2016051608,30,주간,월,1,1,0,0,0,경북,의성군,차량단독,전도전복,전도전복,운전자법규위반,안전운전 의무 불이행,단일로,교량위,화물차,소형,,,1076851,1823023,128.3570482,36.40163287
2016,2016051412,4,주간,토,1,1,0,0,0,충북,보은군,차량단독,전도전복,전도전복,운전자법규위반,안전운전 의무 불이행,단일로,기타단일로,이륜차,소형,,,1024578,1828827,127.7742922,36.45671773
2016,2016051321,30,야간,금,1,1,0,0,0,서울,관악구,차대사람,기타,기타,운전자법규위반,안전운전 의무 불이행,교차로,교차로부근,승용차,대형,보행자,보행자,952786,1942059,126.966014,37.47655371
2016,2016052002,31,야간,금,1,1,0,0,0,경남,김해시,차량단독,전도전복,전도전복,운전자법규위반,안전운전 의무 불이행,단일로,기타단일로,자전거,자전거,,,1128277,1693526,128.9096393,35.2289268
2016,2016051723,30,야간,화,1,2,0,1,0,광주,서구,차대차,추돌,진행중 추돌,운전자법규위반,안전운전 의무 불이행,단일로,기타단일로,화물차,대형,화물차,소형,939585,1685363,126.8366271,35.16171247
2016,2016052416,6,주간,화,1,1,0,0,0,전남,강진군,차대차,측면직각충돌,측면직각충돌,운전자법규위반,교차로 통행방법 위반,교차로,교차로내,원동기장치자전거,원동기장치자전거,화물차,소형,937573,1619767,126.8194268,34.57011048
2016,2016052402,6,야간,화,1,1,0,0,0,경기,수원시,차대사람,횡단중,횡단중,운전자법규위반,안전운전 의무 불이행,단일로,기타단일로,승용차,경형,보행자,보행자,956869,1916562,127.0136761,37.24693486
2016,2016052308,55,주간,월,1,1,0,0,0,인천,남구,차대사람,횡단중,횡단중,운전자법규위반,신호위반,교차로,교차로부근,화물차,대형,보행자,보행자,924808,1938541,126.6499703,37.4429933
2016,2016052312,50,주간,월,1,1,0,0,0,전북,남원시,차대차,측면직각충돌,측면직각충돌,운전자법규위반,안전운전 의무 불이행,단일로,기타단일로,이륜차,소형,승용차,소형,995254,1714209,127.4477191,35.42362187
2016,2016052202,1,야간,일,1,1,0,0,0,경북,구미시,차량단독,전도전복,전도전복,운전자법규위반,안전운전 의무 불이행,교차로,교차로내,승용차,경형,,,1080865,1793616,128.3987646,36.13621614
2016,2016052302,50,야간,월,1,1,0,0,0,서울,동작구,차대사람,횡단중,횡단중,운전자법규위반,안전운전 의무 불이행,단일로,횡단보도상,승용차,중형,보행자,보행자,949382,1944133,126.9273741,37.49506691
2016,2016052710,5,주간,금,1,1,0,0,0,경남,창원시(통합),차대사람,횡단중,횡단중,운전자법규위반,안전운전 의무 불이행,단일로,기타단일로,승용차,경형,보행자,보행자,1108717,1690927,128.6943959,35.20780861
2016,2016052616,0,주간,목,1,1,0,0,0,서울,노원구,차대사람,기타,기타,운전자법규위반,안전운전 의무 불이행,단일로,기타단일로,승합차,대형,보행자,보행자,960939,1963224,127.0570926,37.66770066
2016,2016053004,50,야간,월,1,1,0,0,0,인천,남동구,차대사람,횡단중,횡단중,운전자법규위반,안전운전 의무 불이행,교차로,교차로부근,승용차,대형,보행자,보행자,929609,1939272,126.7041698,37.44995958
2016,2016052916,25,주간,일,1,1,0,0,0,전북,군산시,차량단독,전도전복,전도전복,운전자법규위반,안전운전 의무 불이행,단일로,기타단일로,승용차,중형,,,915522,1773013,126.5622456,35.95073244
2016,2016053016,25,주간,월,1,1,0,0,0,제주,제주시,차대차,추돌,진행중 추돌,운전자법규위반,안전운전 의무 불이행,단일로,기타단일로,승용차,경형,이륜차,소형,922237,1505183,126.6636167,33.53698809
2016,2016050615,20,주간,금,1,2,1,0,0,경남,합천군,차대차,정면충돌,정면충돌,운전자법규위반,중앙선 침범,단일로,기타단일로,이륜차,소형,승합차,대형,1056465,1741857,128.1239177,35.6713083
2016,2016050700,0,야간,토,1,3,0,2,0,경기,남양주시,차대차,정면충돌,정면충돌,운전자법규위반,신호위반,교차로,교차로내,이륜차,소형,승합차,대형,970814,1967333,127.1619453,37.69835606
2016,2016050517,52,주간,목,1,1,0,0,0,경남,산청군,차대차,측면직각충돌,측면직각충돌,운전자법규위반,교차로 통행방법 위반,교차로,교차로내,승용차,중형,이륜차,소형,1038945,1697237,127.9281959,35.26984024
2016,2016050516,15,주간,목,1,3,0,2,0,경북,영덕군,차대차,정면충돌,정면충돌,운전자법규위반,중앙선 침범,단일로,기타단일로,화물차,소형,화물차,중형,1151870,1832676,129.1953085,36.47968778
2016,2016051018,20,야간,화,1,2,1,0,0,충남,서산시,차량단독,공작물충돌,공작물충돌,운전자법규위반,안전운전 의무 불이행,단일로,기타단일로,승용차,중형,,,910151,1860123,126.4936866,36.73491297
2016,2016051408,22,주간,토,1,2,0,1,0,서울,서초구,차대차,정면충돌,정면충돌,운전자법규위반,중앙선 침범,교차로,교차로부근,이륜차,소형,승용차,중형,955001,1941803,126.9910801,37.47435685
2016,2016051022,40,야간,화,1,2,1,0,0,경기,파주시,차량단독,도로이탈,도로이탈 기타,운전자법규위반,안전운전 의무 불이행,단일로,기타단일로,원동기장치자전거,원동기장치자전거,,,931450,1970475,126.7220603,37.73132111
2016,2016051714,15,주간,화,1,1,0,0,0,경기,안산시,차대사람,횡단중,횡단중,운전자법규위반,안전운전 의무 불이행,단일로,기타단일로,승용차,중형,보행자,보행자,938787,1925343,126.8090806,37.32506815
2016,2016051707,50,주간,화,1,1,0,0,0,전북,고창군,차대사람,횡단중,횡단중,운전자법규위반,과속,단일로,기타단일로,승용차,소형,보행자,보행자,925337,1715712,126.6774288,35.43438354
2016,2016051720,25,야간,화,1,1,0,0,0,경기,이천시,차대사람,횡단중,횡단중,운전자법규위반,안전운전 의무 불이행,단일로,기타단일로,화물차,경형,보행자,보행자,1011673,1902462,127.6314007,37.12076122
2016,2016051714,45,주간,화,1,1,0,0,0,충남,논산시,차대차,측면직각충돌,측면직각충돌,운전자법규위반,안전거리 미확보,단일로,기타단일로,승용차,경형,승용차,경형,961355,1798922,127.0702053,36.18665407
2016,2016051709,0,주간,화,1,1,0,0,0,경북,영천시,차대차,추돌,진행중 추돌,운전자법규위반,안전운전 의무 불이행,교차로,교차로부근,화물차,대형,자전거,자전거,1127877,1775260,128.9181846,35.96571218
2016,2016051508,40,주간,일,1,6,4,1,0,전남,영암군,차대차,측면직각충돌,측면직각충돌,운전자법규위반,신호위반,교차로,교차로내,승용차,대형,승용차,대형,900944,1640893,126.4176779,34.75771032
2016,2016052015,35,주간,금,1,1,0,0,0,경북,봉화군,차량단독,전도전복,전도전복,운전자법규위반,안전운전 의무 불이행,단일로,기타단일로,이륜차,소형,,,1130462,1868566,128.9625124,36.80628545
2016,2016052010,38,주간,금,1,1,0,0,0,경기,연천군,차대사람,횡단중,횡단중,운전자법규위반,안전운전 의무 불이행,단일로,기타단일로,화물차,소형,보행자,보행자,962791,2011631,127.0755949,38.10406165
2016,2016052310,0,주간,월,1,1,0,0,0,울산,남구,차대사람,횡단중,횡단중,운전자법규위반,신호위반,교차로,교차로내,승용차,소형,보행자,보행자,1167495,1728656,129.3476387,35.53974052
2016,2016052822,49,야간,토,1,1,0,0,0,인천,부평구,차대차,정면충돌,정면충돌,운전자법규위반,신호위반,교차로,교차로내,승용차,대형,원동기장치자전거,원동기장치자전거,932088,1946092,126.7315654,37.51161284
2016,2016052813,15,주간,토,1,2,0,1,0,경기,광주시,차대사람,기타,기타,운전자법규위반,안전운전 의무 불이행,단일로,기타단일로,승용차,중형,보행자,보행자,972077,1942228,127.1841829,37.47886158
2016,2016062422,15,야간,금,1,1,0,0,0,광주,북구,차대사람,횡단중,횡단중,운전자법규위반,안전운전 의무 불이행,단일로,기타단일로,승용차,중형,보행자,보행자,945709,1684726,126.9039087,35.15631835
2016,2016070217,18,주간,토,1,1,0,0,0,경북,예천군,차량단독,전도전복,전도전복,운전자법규위반,안전운전 의무 불이행,단일로,기타단일로,화물차,소형,,,1072224,1834393,128.3065128,36.50448534
2016,2016070302,17,야간,일,1,1,0,0,0,서울,종로구,차대차,추돌,진행중 추돌,운전자법규위반,안전거리 미확보,교차로,교차로내,이륜차,대형,승용차,중형,955980,1954148,127.0014117,37.58567295
2016,2016070502,25,야간,화,1,1,0,0,0,대구,북구,차대사람,횡단중,횡단중,운전자법규위반,안전운전 의무 불이행,단일로,기타단일로,승용차,소형,보행자,보행자,1097093,1767992,128.5650806,35.90047296
2016,2016070822,30,야간,금,1,1,0,0,0,서울,영등포구,차대차,측면직각충돌,측면직각충돌,운전자법규위반,안전운전 의무 불이행,교차로,교차로내,승용차,경형,이륜차,중형,946882,1944829,126.8990434,37.50119961
2016,2016071318,15,야간,수,1,1,0,0,0,경기,양평군,차대차,정면충돌,정면충돌,운전자법규위반,안전운전 의무 불이행,단일로,기타단일로,승용차,중형,원동기장치자전거,원동기장치자전거,1005981,1935267,127.5675908,37.41651965
2016,2016071303,40,야간,수,1,1,0,0,0,경남,김해시,차대사람,기타,기타,운전자법규위반,안전운전 의무 불이행,교차로,교차로내,승용차,중형,보행자,보행자,1126263,1699135,128.8883752,35.27974431
2016,2016071301,33,야간,수,1,1,0,0,0,서울,금천구,차대사람,횡단중,횡단중,운전자법규위반,안전운전 의무 불이행,단일로,기타단일로,승용차,중형,보행자,보행자,944894,1942279,126.8767442,37.47809953
2016,2016071408,5,주간,목,1,1,0,0,0,경남,창원시(통합),차대차,측면직각충돌,측면직각충돌,운전자법규위반,안전운전 의무 불이행,교차로,교차로내,화물차,소형,승용차,경형,1093537,1697295,128.5283744,35.26675037
2016,2016071319,3,야간,수,1,1,0,0,0,경남,사천시,차대사람,횡단중,횡단중,운전자법규위반,안전운전 의무 불이행,교차로,교차로내,승합차,대형,보행자,보행자,1053799,1676491,128.0901538,35.08209159
2016,2016071308,30,주간,수,1,1,0,0,0,전남,순천시,차대사람,횡단중,횡단중,운전자법규위반,보행자 보호의무 위반,교차로,교차로내,화물차,소형,보행자,보행자,999934,1660493,127.4992773,34.93926682
2016,2016071109,35,주간,월,1,2,1,0,0,전남,영암군,차대차,추돌,진행중 추돌,운전자법규위반,안전운전 의무 불이행,단일로,기타단일로,승용차,소형,이륜차,소형,923130,1643874,126.6597914,34.78650273
2016,2016071117,40,주간,월,1,1,0,0,0,대전,대덕구,차대차,측면직각충돌,측면직각충돌,운전자법규위반,신호위반,교차로,교차로내,자전거,자전거,승용차,경형,993848,1818225,127.431427,36.36143272
2016,2016070117,30,주간,금,1,1,0,0,0,전남,보성군,차량단독,기타,기타,운전자법규위반,기타(운전자법규위반),교차로,교차로내,화물차,소형,,,986349,1650189,127.3506815,34.84625781
2016,2016062922,40,야간,수,1,1,0,0,0,서울,강북구,차대차,추돌,진행중 추돌,운전자법규위반,안전운전 의무 불이행,단일로,기타단일로,원동기장치자전거,원동기장치자전거,승합차,대형,959255,1957255,127.0383315,37.61382788
2016,2016060812,45,주간,수,1,1,0,0,0,강원,강릉시,차대차,측면직각충돌,측면직각충돌,운전자법규위반,신호위반,교차로,교차로내,화물차,소형,원동기장치자전거,원동기장치자전거,1122571,1974863,128.891608,37.76522091
2016,2016061313,50,주간,월,1,1,0,0,0,경남,의령군,차대차,측면직각충돌,측면직각충돌,운전자법규위반,신호위반,교차로,교차로내,이륜차,소형,승합차,대형,1068870,1702572,128.257646,35.31633002
2016,2016061014,30,주간,금,1,1,0,0,0,광주,서구,차대사람,차도통행중,차도통행중,운전자법규위반,안전운전 의무 불이행,교차로,교차로내,승용차,중형,보행자,보행자,937889,1679433,126.8184515,35.10814063
2016,2016061011,0,주간,금,1,2,0,1,0,경기,양주시,차대차,정면충돌,정면충돌,운전자법규위반,중앙선 침범,단일로,기타단일로,승용차,경형,화물차,대형,949826,1966694,126.9308499,37.69843511
2016,2016061016,10,주간,금,1,1,0,0,0,경기,시흥시,차대차,정면충돌,정면충돌,운전자법규위반,직진 및 우회전차의 통행방해,교차로,교차로내,화물차,소형,이륜차,소형,938493,1935275,126.804937,37.41456785
2016,2016061013,50,주간,금,1,4,0,0,3,강원,원주시,차대차,정면충돌,정면충돌,운전자법규위반,안전거리 미확보,단일로,기타단일로,화물차,소형,승용차,중형,1040202,1933955,127.9542417,37.40384031
2016,2016061707,10,주간,금,1,1,0,0,0,경북,영덕군,차량단독,도로이탈,도로이탈 추락,운전자법규위반,안전운전 의무 불이행,단일로,기타단일로,승용차,중형,,,1169630,1841810,129.3954756,36.55900651
2016,2016061523,39,야간,수,1,1,0,0,0,경기,광주시,차대사람,기타,기타,운전자법규위반,안전운전 의무 불이행,단일로,기타단일로,승용차,중형,보행자,보행자,975868,1937421,127.2272172,37.43563989
2016,2016061608,50,주간,목,1,1,0,0,0,경남,거창군,차대차,추돌,진행중 추돌,운전자법규위반,안전운전 의무 불이행,단일로,기타단일로,화물차,소형,이륜차,소형,1045921,1746260,128.0076664,35.71155331
2016,2016061914,18,주간,일,1,1,0,0,0,대구,수성구,차대사람,횡단중,횡단중,운전자법규위반,보행자 보호의무 위반,교차로,교차로내,승용차,대형,보행자,보행자,1103489,1763055,128.6461825,35.85858463
2016,2016062020,45,야간,월,1,1,0,0,0,전북,남원시,차대사람,횡단중,횡단중,운전자법규위반,보행자 보호의무 위반,단일로,기타단일로,화물차,소형,보행자,보행자,988746,1711629,127.3760642,35.4003062
2016,2016062815,24,주간,화,1,1,0,0,0,충북,청주시,차대차,측면직각충돌,측면직각충돌,운전자법규위반,안전운전 의무 불이행,교차로,교차로부근,화물차,대형,자전거,자전거,988432,1847509,127.3706195,36.62538324
2016,2016062708,40,주간,월,1,1,0,0,0,대전,대덕구,차대차,측면직각충돌,측면직각충돌,운전자법규위반,안전운전 의무 불이행,단일로,기타단일로,원동기장치자전거,원동기장치자전거,화물차,소형,993013,1820219,127.4221018,36.37940368
2016,2016062619,25,야간,일,1,2,0,1,0,경기,고양시,차대차,측면직각충돌,측면직각충돌,운전자법규위반,부당한 회전,단일로,기타단일로,승용차,중형,이륜차,중형,937151,1959935,126.7876624,37.6367366
2016,2016062820,40,야간,화,1,1,0,0,0,경남,진주시,차대사람,차도통행중,차도통행중,운전자법규위반,안전운전 의무 불이행,단일로,기타단일로,승용차,중형,보행자,보행자,1049476,1690457,128.0435709,35.20824198
2016,2016062421,20,야간,금,1,1,0,0,0,강원,강릉시,차대사람,횡단중,횡단중,운전자법규위반,안전운전 의무 불이행,단일로,기타단일로,화물차,소형,보행자,보행자,1109556,1984027,128.7452625,37.84945048
2016,2016070112,55,주간,금,1,1,0,0,0,전남,담양군,차대사람,횡단중,횡단중,운전자법규위반,안전운전 의무 불이행,교차로,교차로부근,승합차,중형,보행자,보행자,947983,1702262,126.9277657,35.31455442
2016,2016070323,12,야간,일,1,1,0,0,0,대전,중구,차대사람,횡단중,횡단중,운전자법규위반,과속,단일로,기타단일로,승용차,중형,보행자,보행자,990390,1813327,127.392943,36.31724687
2016,2016070818,15,야간,금,1,1,0,0,0,울산,북구,차대차,측면직각충돌,측면직각충돌,운전자법규위반,중앙선 침범,단일로,기타단일로,승용차,중형,이륜차,소형,1172142,1726777,129.3984759,35.52201143
2016,2016071122,40,야간,월,1,1,0,0,0,부산,동래구,차대차,측면직각충돌,측면직각충돌,운전자법규위반,안전운전 의무 불이행,교차로,교차로내,승용차,중형,이륜차,중형,1145594,1690876,129.0994054,35.2026755
2016,2016071112,3,주간,월,1,1,0,0,0,전남,함평군,차대사람,횡단중,횡단중,운전자법규위반,신호위반,교차로,교차로부근,화물차,소형,보행자,보행자,911150,1675023,126.5255476,35.06637564
2016,2016071119,30,야간,월,1,1,0,0,0,경기,포천시,차량단독,전도전복,전도전복,운전자법규위반,안전운전 의무 불이행,교차로,교차로부근,이륜차,소형,,,974486,1978985,127.2101445,37.81023425
2016,2016071114,45,주간,월,1,1,0,0,0,경북,영주시,차량단독,전도전복,전도전복,운전자법규위반,안전운전 의무 불이행,단일로,기타단일로,원동기장치자전거,원동기장치자전거,,,1099806,1866287,128.6186206,36.78947443
2016,2016071113,41,주간,월,1,1,0,0,0,경북,구미시,차대차,측면직각충돌,측면직각충돌,운전자법규위반,교차로 통행방법 위반,교차로,교차로내,이륜차,소형,승용차,경형,1076342,1792090,128.3483513,36.12282627
2016,2016071104,50,야간,월,1,1,0,0,0,부산,사하구,차량단독,도로이탈,도로이탈 기타,운전자법규위반,안전운전 의무 불이행,단일로,기타단일로,자전거,자전거,,,1132752,1677236,128.9561818,35.08150151
2016,2016071100,15,야간,월,1,2,1,0,0,광주,서구,차대차,측면직각충돌,측면직각충돌,운전자법규위반,중앙선 침범,단일로,기타단일로,이륜차,소형,이륜차,소형,941451,1683450,126.8572508,35.14457408
2016,2016071712,35,주간,일,1,1,0,0,0,경북,칠곡군,차량단독,전도전복,전도전복,운전자법규위반,안전운전 의무 불이행,단일로,기타단일로,이륜차,소형,,,1079657,1780766,128.3840422,36.02047661
2016,2016091117,31,주간,일,1,1,0,0,0,인천,부평구,차대차,측면직각충돌,측면직각충돌,운전자법규위반,직진 및 우회전차의 통행방해,교차로,교차로내,승용차,소형,원동기장치자전거,원동기장치자전거,932120,1944224,126.7320999,37.49477919
2016,2016091108,31,주간,일,1,1,0,0,0,서울,노원구,차대차,측면직각충돌,측면직각충돌,운전자법규위반,안전운전 의무 불이행,단일로,기타단일로,승용차,경형,자전거,자전거,962599,1957701,127.0761975,37.61798993
2016,2016091222,30,야간,월,1,1,0,0,0,울산,남구,차대사람,차도통행중,차도통행중,운전자법규위반,안전운전 의무 불이행,단일로,기타단일로,승용차,경형,보행자,보행자,1164086,1725653,129.3094431,35.51324725
2016,2016090812,0,주간,목,1,2,1,0,0,경기,고양시,차대차,기타,기타,운전자법규위반,안전운전 의무 불이행,교차로,교차로부근,이륜차,소형,승용차,소형,945471,1954824,126.8823379,37.59120298
2016,2016091101,21,야간,일,1,1,0,0,0,대구,달서구,차대사람,횡단중,횡단중,운전자법규위반,과속,교차로,교차로부근,승용차,대형,보행자,보행자,1093047,1761909,128.530341,35.84941018
2016,2016091216,6,주간,월,1,1,0,0,0,충남,청양군,차량단독,전도전복,전도전복,운전자법규위반,안전운전 의무 불이행,단일로,기타단일로,이륜차,사발이,,,936880,1828366,126.7956345,36.45079866
2016,2016090703,20,야간,수,1,1,0,0,0,전남,신안군,차대사람,기타,기타,운전자법규위반,안전운전 의무 불이행,단일로,기타단일로,화물차,소형,보행자,보행자,856781,1642685,125.9349667,34.76862019
2016,2016090708,8,주간,수,1,1,0,0,0,광주,광산구,차대사람,보도통행중,보도통행중,운전자법규위반,보행자 보호의무 위반,교차로,교차로내,화물차,대형,보행자,보행자,939570,1691075,126.8360436,35.21321413
2016,2016072313,25,주간,토,1,1,0,0,0,경북,울진군,차대차,측면직각충돌,측면직각충돌,운전자법규위반,안전운전 의무 불이행,단일로,기타단일로,승용차,소형,원동기장치자전거,원동기장치자전거,1172069,1851647,129.4249173,36.64720095
2016,2016072217,5,주간,금,1,1,0,0,0,부산,북구,차량단독,기타,기타,운전자법규위반,안전운전 의무 불이행,단일로,기타단일로,자전거,자전거,,,1138105,1691904,129.0169965,35.21295243
2016,2016072310,30,주간,토,1,1,0,0,0,경기,안산시,차대차,측면직각충돌,측면직각충돌,운전자법규위반,안전운전 의무 불이행,단일로,기타단일로,화물차,소형,자전거,자전거,939127,1926269,126.8128419,37.33343679
2016,2016072311,7,주간,토,1,1,0,0,0,충북,괴산군,차대차,정면충돌,정면충돌,운전자법규위반,중앙선 침범,단일로,기타단일로,이륜차,소형,승용차,중형,1043319,1863121,127.9853713,36.76520394
2016,2016072706,2,주간,수,1,1,0,0,0,인천,연수구,차량단독,공작물충돌,공작물충돌,운전자법규위반,안전운전 의무 불이행,단일로,기타단일로,이륜차,소형,,,923450,1930851,126.6354168,37.37357365
2016,2016072708,25,주간,수,1,1,0,0,0,충남,부여군,차대차,기타,기타,운전자법규위반,안전운전 의무 불이행,교차로,교차로부근,건설기계,건설기계,화물차,소형,955708,1806823,127.0069567,36.25764181
2016,2016072710,40,주간,수,1,1,0,0,0,경북,의성군,차대차,기타,기타,운전자법규위반,중앙선 침범,단일로,기타단일로,원동기장치자전거,원동기장치자전거,화물차,소형,1105416,1825175,128.6758472,36.4183192
2016,2016080400,5,야간,목,1,1,0,0,0,전남,장흥군,차량단독,전도전복,전도전복,운전자법규위반,안전운전 의무 불이행,단일로,기타단일로,승용차,경형,,,943274,1643408,126.8799885,34.78362135
2016,2016080323,50,야간,수,1,1,0,0,0,경기,고양시,차량단독,전도전복,전도전복,운전자법규위반,안전운전 의무 불이행,단일로,기타단일로,원동기장치자전거,원동기장치자전거,,,942171,1966327,126.8440492,37.69467635
2016,2016080417,20,주간,목,1,1,0,0,0,경기,광주시,차대차,측면직각충돌,측면직각충돌,운전자법규위반,안전거리 미확보,교차로,교차로부근,자전거,자전거,승용차,대형,979021,1934991,127.2629267,37.41381347
2016,2016080411,10,주간,목,1,1,0,0,0,경기,안성시,차대차,추돌,진행중 추돌,운전자법규위반,안전운전 의무 불이행,단일로,기타단일로,화물차,소형,화물차,대형,998911,1900583,127.4877441,37.10389561
2016,2016080815,5,주간,월,1,1,0,0,0,전북,순창군,차대사람,차도통행중,차도통행중,운전자법규위반,안전운전 의무 불이행,단일로,기타단일로,승용차,경형,보행자,보행자,955819,1723306,127.0128253,35.50467493
2016,2016081306,40,주간,토,1,1,0,0,0,서울,용산구,차량단독,전도전복,전도전복,운전자법규위반,안전운전 의무 불이행,교차로,교차로부근,승용차,경형,,,953255,1949299,126.9716678,37.54252047
2016,2016081416,30,주간,일,1,1,0,0,0,전남,장흥군,차량단독,공작물충돌,공작물충돌,운전자법규위반,안전운전 의무 불이행,교차로,교차로부근,화물차,소형,,,943805,1634790,126.8863669,34.70593967
2016,2016081100,50,야간,목,1,1,0,0,0,경기,남양주시,차대사람,횡단중,횡단중,운전자법규위반,과속,교차로,교차로내,승용차,중형,보행자,보행자,973872,1959315,127.2038758,37.63292711
2016,2016081220,50,야간,금,1,2,1,0,0,충남,예산군,차대차,기타,기타,운전자법규위반,차로위반(진로변경 위반),단일로,기타단일로,승용차,중형,승용차,소형,932088,1855034,126.7398114,36.6908642
2016,2016081122,0,야간,목,1,1,0,0,0,경북,경주시,차대차,측면직각충돌,측면직각충돌,운전자법규위반,안전운전 의무 불이행,단일로,기타단일로,승용차,소형,승용차,중형,1159950,1778107,129.2743178,35.98663863
2016,2016081615,28,주간,화,1,1,0,0,0,부산,서구,차대사람,횡단중,횡단중,운전자법규위반,안전운전 의무 불이행,단일로,횡단보도상,화물차,소형,보행자,보행자,1138707,1677139,129.021467,35.07982527
2016,2016082121,55,야간,일,1,1,0,0,0,경기,이천시,차량단독,전도전복,전도전복,운전자법규위반,안전운전 의무 불이행,단일로,기타단일로,이륜차,소형,,,1000850,1922153,127.5095907,37.2983305
2016,2016082002,24,야간,토,1,1,0,0,0,서울,영등포구,차량단독,전도전복,전도전복,운전자법규위반,안전운전 의무 불이행,단일로,기타단일로,이륜차,중형,,,946497,1947402,126.8945006,37.52436819
2016,2016082414,30,주간,수,1,1,0,0,0,서울,영등포구,차대차,측면직각충돌,측면직각충돌,운전자법규위반,안전운전 의무 불이행,단일로,기타단일로,승합차,경형,이륜차,소형,947075,1945467,126.9011809,37.5069611
2016,2016082516,9,주간,목,1,1,0,0,0,대구,동구,차대사람,횡단중,횡단중,운전자법규위반,보행자 보호의무 위반,단일로,기타단일로,승용차,경형,보행자,보행자,1102691,1767251,128.6378721,35.89648032
2016,2016082906,50,주간,월,1,3,1,1,0,세종,세종,차대차,측면직각충돌,측면직각충돌,운전자법규위반,교차로 통행방법 위반,교차로,교차로내,화물차,소형,건설기계,건설기계,981658,1836904,127.2951098,36.52967266
2016,2016091309,40,주간,화,1,1,0,0,0,충북,제천시,차대사람,횡단중,횡단중,운전자법규위반,보행자 보호의무 위반,기타/불명,기타/불명,승용차,경형,보행자,보행자,1062851,1903512,128.2075656,37.12818736
2016,2016090615,38,주간,화,1,6,0,5,0,서울,금천구,차대차,측면직각충돌,측면직각충돌,운전자법규위반,안전운전 의무 불이행,단일로,기타단일로,승용차,중형,승합차,대형,948790,1939228,126.9210184,37.45082429
2016,2016091013,2,주간,토,1,2,1,0,0,전남,고흥군,차대차,측면직각충돌,측면직각충돌,운전자법규위반,안전운전 의무 불이행,단일로,기타단일로,화물차,소형,화물차,소형,978743,1633647,127.2679035,34.69695632
2016,2016090714,5,주간,수,1,1,0,0,0,전남,무안군,차대차,측면직각충돌,측면직각충돌,운전자법규위반,신호위반,교차로,교차로내,이륜차,소형,승용차,중형,904904,1647156,126.4602314,34.8145561
2016,2016090917,35,주간,금,1,2,0,0,1,충북,충주시,차대차,추돌,진행중 추돌,운전자법규위반,중앙선 침범,단일로,기타단일로,화물차,중형,건설기계,건설기계,1017069,1894014,127.69195,37.04452593
2016,2016090908,23,주간,금,1,3,0,2,0,전남,순천시,차대차,측면직각충돌,측면직각충돌,운전자법규위반,신호위반,교차로,교차로내,승용차,경형,승용차,경형,992888,1677145,127.4219767,35.08939981
2016,2016072518,5,야간,월,2,2,0,0,0,전남,완도군,차량단독,전도전복,전도전복,운전자법규위반,안전운전 의무 불이행,단일로,기타단일로,농기계,농기계,,,925705,1589820,126.6926548,34.29927713
2016,2016072321,9,야간,토,1,4,1,2,0,강원,춘천시,차대차,정면충돌,정면충돌,운전자법규위반,중앙선 침범,단일로,기타단일로,승용차,중형,승용차,중형,1018891,1982988,127.714719,37.84647479
2016,2016072211,13,주간,금,1,1,0,0,0,경기,오산시,차량단독,공작물충돌,공작물충돌,운전자법규위반,안전운전 의무 불이행,단일로,기타단일로,승용차,소형,,,959212,1908721,127.0405225,37.17636308
2016,2016072201,22,야간,금,1,1,0,0,0,경기,남양주시,차대사람,횡단중,횡단중,운전자법규위반,안전운전 의무 불이행,단일로,교량위,승용차,중형,보행자,보행자,969057,1956148,127.1494395,37.60423235
2016,2016072807,55,주간,목,1,2,1,0,0,충남,서산시,차대차,측면직각충돌,측면직각충돌,운전자법규위반,신호위반,교차로,교차로내,이륜차,소형,승합차,대형,913891,1854462,126.5362069,36.68423382
2016,2016072914,20,주간,금,1,1,0,0,0,강원,동해시,차대사람,횡단중,횡단중,운전자법규위반,안전운전 의무 불이행,교차로,교차로내,승용차,중형,보행자,보행자,1142252,1950100,129.1101545,37.53925985
2016,2016040820,29,야간,금,1,1,0,0,0,경북,경주시,차대사람,횡단중,횡단중,운전자법규위반,안전운전 의무 불이행,단일로,기타단일로,승용차,경형,보행자,보행자,1156953,1767972,129.2390834,35.89579041
2016,2016041504,35,야간,금,1,1,0,0,0,경기,성남시,차량단독,공작물충돌,공작물충돌,운전자법규위반,안전운전 의무 불이행,단일로,기타단일로,이륜차,소형,,,966002,1926513,127.1161975,37.33700916