발생년,발생년월일시,발생분,주야,요일,사망자수,사상자수,중상자수,경상자수,부상신고자수,발생지시도,발생지시군구,사고유형_대분류,사고유형_중분류,사고유형,법규위반_대분류,법규위반,도로형태_대분류,도로형태,당사자종별_1당_대분류,당사자종별_1당,당사자종별_2당_대분류,당사자종별_2당,발생위치X_UTMK,발생위치Y_UTMK,경도,위도
2016,2016041920,0,야간,화,1,1,0,0,0,충남,논산시,차대차,측면직각충돌,측면직각충돌,운전자법규위반,중앙선 침범,단일로,기타단일로,자전거,자전거,승용차,중형,963880,1801392,127.0981729,36.2090197
2016,2016042611,25,주간,화,1,1,0,0,0,전남,여수시,차대차,측면직각충돌,측면직각충돌,운전자법규위반,직진 및 우회전차의 통행방해,교차로,교차로내,이륜차,소형,승용차,경형,1012815,1641943,127.6400483,34.77190875
2016,2016051519,50,야간,일,1,1,0,0,0,경기,수원시,차대차,기타,기타,운전자법규위반,과속,교차로,교차로부근,승용차,중형,이륜차,중형,954075,1921873,126.9818455,37.29467277
2016,2016051801,20,야간,수,1,2,0,1,0,경기,안산시,차대사람,횡단중,횡단중,운전자법규위반,안전운전 의무 불이행,단일로,기타단일로,승용차,중형,보행자,보행자,940884,1925813,126.8327107,37.32944025
2016,2016051804,46,야간,수,1,1,0,0,0,부산,진구,차대사람,기타,기타,운전자법규위반,안전운전 의무 불이행,단일로,기타단일로,승용차,중형,보행자,보행자,1141358,1685025,129.0518839,35.15054107
2016,2016060109,1,주간,수,1,1,0,0,0,경남,고성군,차대차,측면직각충돌,측면직각충돌,운전자법규위반,과속,교차로,교차로내,승합차,소형,자전거,자전거,1077753,1666403,128.3519533,34.98957096
2016,2016053008,30,주간,월,1,1,0,0,0,울산,울주군,차대사람,횡단중,횡단중,운전자법규위반,안전운전 의무 불이행,단일로,기타단일로,승용차,경형,보행자,보행자,1166721,1720583,129.3374462,35.46711684
2016,2016050610,32,주간,금,1,1,0,0,0,서울,강동구,차량단독,공작물충돌,공작물충돌,운전자법규위반,안전운전 의무 불이행,단일로,기타단일로,이륜차,소형,,,969409,1952130,127.1535951,37.56802841
2016,2016051002,49,야간,화,1,1,0,0,0,서울,성북구,차량단독,전도전복,전도전복,운전자법규위반,안전운전 의무 불이행,단일로,기타단일로,원동기장치자전거,원동기장치자전거,,,957483,1956015,127.0183263,37.60257128
2016,2016050715,37,주간,토,1,2,1,0,0,충남,금산군,차대사람,보도통행중,보도통행중,운전자법규위반,기타(운전자법규위반),단일로,기타단일로,건설기계,건설기계,보행자,보행자,997634,1799272,127.4736849,36.19057821
2016,2016051309,0,주간,금,1,1,0,0,0,경기,용인시,차대차,측면직각충돌,측면직각충돌,운전자법규위반,교차로 통행방법 위반,교차로,교차로내,이륜차,소형,화물차,대형,983291,1905586,127.3118406,37.14884512
2016,2016051322,35,야간,금,1,2,0,1,0,전남,보성군,차대차,추돌,진행중 추돌,운전자법규위반,안전운전 의무 불이행,단일로,기타단일로,승용차,중형,농기계,농기계,983911,1652113,127.3239771,34.86357204
2016,2016051421,25,야간,토,1,1,0,0,0,서울,도봉구,차대사람,기타,기타,운전자법규위반,안전운전 의무 불이행,단일로,기타단일로,자전거,자전거,보행자,보행자,960337,1964447,127.0502002,37.67869788
2016,2016051420,45,야간,토,1,1,0,0,0,경북,경주시,차대사람,길가장자리구역통행중,길가장자리구역통행중,운전자법규위반,안전운전 의무 불이행,교차로,교차로부근,승용차,중형,보행자,보행자,1155617,1782716,129.2271779,36.02887527
2016,2016051510,40,주간,일,1,1,0,0,0,전남,담양군,차량단독,전도전복,전도전복,운전자법규위반,안전운전 의무 불이행,교차로,교차로내,농기계,농기계,,,950754,1689202,126.959031,35.1969373
2016,2016051516,20,주간,일,1,1,0,0,0,전북,정읍시,차량단독,기타,기타,운전자법규위반,안전운전 의무 불이행,단일로,기타단일로,이륜차,소형,,,953859,1734441,126.9905787,35.60498174
2016,2016052104,32,야간,토,1,1,0,0,0,대전,서구,차대사람,횡단중,횡단중,운전자법규위반,안전운전 의무 불이행,단일로,기타단일로,승용차,중형,보행자,보행자,990772,1816843,127.3971569,36.34894885
2016,2016051916,10,주간,목,1,1,0,0,0,경남,하동군,차량단독,공작물충돌,공작물충돌,운전자법규위반,안전운전 의무 불이행,단일로,기타단일로,화물차,소형,,,1028874,1671371,127.8165635,35.0369458
2016,2016052613,25,주간,목,1,1,0,0,0,대구,달서구,차대사람,횡단중,횡단중,운전자법규위반,안전운전 의무 불이행,교차로,교차로내,승용차,중형,보행자,보행자,1092120,1762766,128.5202518,35.85711455
2016,2016052511,30,주간,수,1,1,0,0,0,경남,거제시,차대차,정면충돌,정면충돌,운전자법규위반,안전운전 의무 불이행,교차로,교차로내,이륜차,소형,승용차,경형,1102033,1647497,128.6156461,34.81695884
2016,2016022701,5,야간,토,1,1,0,0,0,제주,제주시,차대사람,기타,기타,운전자법규위반,안전운전 의무 불이행,단일로,기타단일로,승용차,대형,보행자,보행자,899134,1498410,126.4144466,33.47274931
2016,2016060113,20,주간,수,1,1,0,0,0,충남,보령시,차량단독,전도전복,전도전복,운전자법규위반,안전운전 의무 불이행,단일로,기타단일로,농기계,농기계,,,923727,1824274,126.6492742,36.41295588
2016,2016060103,30,야간,수,1,2,0,0,1,서울,마포구,차대차,측면직각충돌,측면직각충돌,운전자법규위반,신호위반,교차로,교차로내,이륜차,소형,승용차,중형,948615,1950523,126.9182506,37.55261866
2016,2016053012,45,주간,월,1,2,0,1,0,경북,칠곡군,차대차,측면직각충돌,측면직각충돌,운전자법규위반,중앙선 침범,단일로,기타단일로,승합차,경형,특수차,소형,1080084,1774494,128.3881465,35.96390033
2016,2016053014,30,주간,월,1,6,5,0,0,전북,고창군,차대차,측면직각충돌,측면직각충돌,운전자법규위반,신호위반,교차로,교차로내,승용차,중형,승용차,소형,912992,1718128,126.54118,35.45516198
2016,2016053022,43,야간,월,1,1,0,0,0,경기,성남시,차대사람,차도통행중,차도통행중,운전자법규위반,안전운전 의무 불이행,단일로,기타단일로,승용차,중형,보행자,보행자,966326,1933713,127.1195275,37.40191937
2016,2016053017,8,주간,월,1,1,0,0,0,대전,동구,차대사람,기타,기타,운전자법규위반,보행자 보호의무 위반,단일로,기타단일로,원동기장치자전거,원동기장치자전거,보행자,보행자,994538,1814974,127.4391408,36.33212777
2016,2016052923,25,야간,일,1,1,0,0,0,경기,광주시,차대차,추돌,진행중 추돌,운전자법규위반,안전운전 의무 불이행,단일로,기타단일로,승용차,중형,화물차,대형,973431,1933753,127.1998022,37.40251098
2016,2016053014,9,주간,월,1,6,1,4,0,경남,함양군,차대차,추돌,진행중 추돌,운전자법규위반,안전운전 의무 불이행,교차로,교차로내,화물차,중형,승합차,대형,1026200,1731712,127.7891769,35.58110546
2016,2016052918,0,야간,일,1,1,0,0,0,강원,인제군,차량단독,도로이탈,도로이탈 추락,운전자법규위반,안전운전 의무 불이행,단일로,기타단일로,건설기계,건설기계,,,1054875,1995596,128.1246654,37.95864866
2016,2016050611,40,주간,금,1,1,0,0,0,경남,하동군,차대사람,횡단중,횡단중,운전자법규위반,안전운전 의무 불이행,단일로,기타단일로,승용차,소형,보행자,보행자,1027229,1678223,127.7987536,35.09877749
2016,2016050413,0,주간,수,1,1,0,0,0,전남,함평군,차대차,추돌,진행중 추돌,운전자법규위반,앞지르기 방법위반,단일로,기타단일로,화물차,소형,원동기장치자전거,원동기장치자전거,910263,1674139,126.5159164,35.05832694
2016,2016050920,7,야간,월,1,1,0,0,0,전남,목포시,차대사람,횡단중,횡단중,운전자법규위반,안전운전 의무 불이행,단일로,기타단일로,승용차,경형,보행자,보행자,898738,1644846,126.3931024,34.79313431
2016,2016050815,40,주간,일,1,1,0,0,0,경기,가평군,차량단독,기타,기타,운전자법규위반,안전운전 의무 불이행,단일로,기타단일로,이륜차,사발이,,,1000580,1979581,127.5065897,37.81596252
2016,2016050810,20,주간,일,1,1,0,0,0,충북,청주시,차량단독,전도전복,전도전복,운전자법규위반,안전운전 의무 불이행,단일로,기타단일로,이륜차,소형,,,1003447,1840658,127.5385218,36.56368518
2016,2016051414,40,주간,토,1,1,0,0,0,전남,나주시,차대차,측면직각충돌,측면직각충돌,운전자법규위반,안전운전 의무 불이행,교차로,교차로내,자전거,자전거,승용차,소형,928683,1671948,126.7180852,35.04004224
2016,2016051401,15,야간,토,1,1,0,0,0,대구,달성군,차대차,측면직각충돌,측면직각충돌,운전자법규위반,과속,교차로,교차로내,승용차,경형,이륜차,소형,1086652,1745123,128.4577906,35.69856164
2016,2016051107,50,주간,수,1,2,1,0,0,충남,서산시,차대차,측면직각충돌,측면직각충돌,운전자법규위반,과속,교차로,교차로내,화물차,소형,승용차,중형,915716,1861006,126.5559095,36.74338265
2016,2016051020,50,야간,화,1,1,0,0,0,인천,연수구,차대사람,횡단중,횡단중,운전자법규위반,보행자 보호의무 위반,교차로,교차로부근,승용차,대형,보행자,보행자,929077,1936287,126.6984426,37.42301548
2016,2016051415,10,주간,토,1,1,0,0,0,전북,익산시,차대차,측면직각충돌,측면직각충돌,운전자법규위반,부당한 회전,단일로,기타단일로,자전거,자전거,승용차,중형,952946,1771393,126.9783278,35.93809478
2016,2016051410,50,주간,토,1,1,0,0,0,충북,충주시,차대사람,횡단중,횡단중,운전자법규위반,보행자 보호의무 위반,교차로,교차로부근,승용차,경형,보행자,보행자,1039166,1886714,127.9400582,36.97806044
2016,2016051410,25,주간,토,1,1,0,0,0,경남,하동군,차량단독,도로이탈,도로이탈 기타,운전자법규위반,안전운전 의무 불이행,단일로,기타단일로,원동기장치자전거,원동기장치자전거,,,1025901,1676469,127.7841282,35.08299636
2016,2016051508,35,주간,일,2,3,1,0,0,서울,성북구,차대차,측면직각충돌,측면직각충돌,운전자법규위반,안전운전 의무 불이행,단일로,기타단일로,이륜차,소형,화물차,중형,959728,1957766,127.0436626,37.61845447
2016,2016051504,10,야간,일,1,1,0,0,0,경기,고양시,차량단독,전도전복,전도전복,운전자법규위반,안전운전 의무 불이행,단일로,횡단보도상,이륜차,소형,,,942327,1958586,126.8464306,37.62491783
2016,2016051510,50,주간,일,1,1,0,0,0,충북,보은군,차량단독,전도전복,전도전복,운전자법규위반,안전운전 의무 불이행,단일로,기타단일로,농기계,농기계,,,1020604,1842255,127.7303009,36.57786603
2016,2016052007,30,주간,금,1,1,0,0,0,경기,고양시,차량단독,공작물충돌,공작물충돌,운전자법규위반,안전운전 의무 불이행,단일로,기타단일로,승용차,중형,,,936360,1959207,126.7787611,37.63012085
2016,2016052422,15,야간,화,1,1,0,0,0,부산,남구,차대사람,횡단중,횡단중,운전자법규위반,신호위반,단일로,횡단보도상,승용차,경형,보행자,보행자,1146544,1682546,129.1083586,35.12745369
2016,2016052620,1,야간,목,1,1,0,0,0,울산,남구,차대차,측면직각충돌,측면직각충돌,운전자법규위반,신호위반,교차로,교차로내,이륜차,소형,승용차,중형,1165985,1727499,129.3307525,35.52956762
2016,2016072013,26,주간,수,1,1,0,0,0,충남,당진시,차대차,측면직각충돌,측면직각충돌,운전자법규위반,교차로 통행방법 위반,교차로,교차로내,화물차,소형,이륜차,소형,927505,1886623,126.6855018,36.97526174
2016,2016072114,0,주간,목,1,1,0,0,0,전남,여수시,차대사람,횡단중,횡단중,운전자법규위반,안전운전 의무 불이행,단일로,기타단일로,승용차,중형,보행자,보행자,1005663,1641517,127.5618851,34.768132
2016,2016072115,20,주간,목,1,1,0,0,0,충남,아산시,차량단독,전도전복,전도전복,운전자법규위반,신호위반,교차로,교차로내,승용차,경형,,,956360,1864445,127.0109564,36.77712434
2016,2016070113,35,주간,금,1,1,0,0,0,경기,이천시,차대차,정면충돌,정면충돌,운전자법규위반,중앙선 침범,단일로,기타단일로,원동기장치자전거,원동기장치자전거,화물차,소형,1004069,1899505,127.5457879,37.09417001
2016,2016070106,48,주간,금,1,1,0,0,0,경기,시흥시,차대차,측면직각충돌,측면직각충돌,운전자법규위반,신호위반,교차로,교차로내,승용차,중형,원동기장치자전거,원동기장치자전거,932862,1927413,126.7420219,37.34331594
2016,2016063006,0,주간,목,1,1,0,0,0,경기,고양시,차대차,측면직각충돌,측면직각충돌,운전자법규위반,신호위반,교차로,교차로내,건설기계,건설기계,이륜차,중형,933240,1963961,126.7429698,37.67274554
2016,2016060900,46,야간,목,1,1,0,0,0,경남,의령군,차대사람,기타,기타,운전자법규위반,안전운전 의무 불이행,단일로,기타단일로,승용차,소형,보행자,보행자,1074983,1719780,128.3264713,35.47103585
2016,2016060909,20,주간,목,1,1,0,0,0,강원,춘천시,차대사람,횡단중,횡단중,운전자법규위반,안전운전 의무 불이행,교차로,교차로부근,승용차,소형,보행자,보행자,1020467,1986319,127.7327264,37.8764632
2016,2016060613,23,주간,월,1,1,0,0,0,전북,전주시,차대차,측면직각충돌,측면직각충돌,운전자법규위반,신호위반,교차로,교차로부근,이륜차,소형,승용차,중형,969216,1759358,127.1591695,35.83023609
2016,2016061018,30,야간,금,1,4,2,1,0,강원,속초시,차대차,추돌,진행중 추돌,운전자법규위반,안전운전 의무 불이행,단일로,기타단일로,화물차,소형,승용차,경형,1094454,2021903,128.5786284,38.19245148
2016,2016061016,10,주간,금,1,1,0,0,0,충북,괴산군,차량단독,전도전복,전도전복,운전자법규위반,안전운전 의무 불이행,단일로,기타단일로,이륜차,소형,,,1033572,1874729,127.8766751,36.87023979
2016,2016061108,55,주간,토,1,1,0,0,0,경남,김해시,차량단독,전도전복,전도전복,운전자법규위반,안전운전 의무 불이행,교차로,교차로내,화물차,소형,,,1124633,1702884,128.8710265,35.31374369
2016,2016061320,10,야간,월,1,1,0,0,0,충남,당진시,차대차,측면직각충돌,측면직각충돌,운전자법규위반,중앙선 침범,교차로,교차로내,농기계,농기계,승용차,대형,913471,1893318,126.5270768,37.03441827
2016,2016062100,2,야간,화,1,1,0,0,0,대구,북구,차량단독,전도전복,전도전복,운전자법규위반,안전운전 의무 불이행,단일로,기타단일로,이륜차,소형,,,1093722,1770157,128.5388697,35.92342823
2016,2016062102,30,야간,화,1,2,1,0,0,서울,관악구,차대차,정면충돌,정면충돌,운전자법규위반,중앙선 침범,단일로,기타단일로,이륜차,소형,이륜차,소형,948784,1943555,126.9206496,37.48982429
2016,2016081708,30,주간,수,1,2,1,0,0,서울,금천구,차대차,측면직각충돌,측면직각충돌,운전자법규위반,안전운전 의무 불이행,교차로,교차로내,화물차,소형,이륜차,대형,947183,1940767,126.9027402,37.46460526
2016,2016081721,30,야간,수,1,1,0,0,0,경남,고성군,차대사람,횡단중,횡단중,운전자법규위반,안전운전 의무 불이행,교차로,교차로부근,화물차,소형,보행자,보행자,1064939,1666901,128.2115975,34.99496534
2016,2016081723,55,야간,수,1,1,0,0,0,서울,강서구,차대사람,횡단중,횡단중,운전자법규위반,안전운전 의무 불이행,교차로,교차로부근,승용차,경형,보행자,보행자,942520,1951190,126.8491983,37.5582702
2016,2016081612,10,주간,화,1,2,1,0,0,경남,통영시,차대차,정면충돌,정면충돌,운전자법규위반,중앙선 침범,단일로,기타단일로,승용차,대형,승용차,중형,1081665,1663502,128.3945288,34.96310612
2016,2016082517,35,주간,목,1,3,0,2,0,광주,북구,차대차,추돌,진행중 추돌,운전자법규위반,안전운전 의무 불이행,교차로,교차로부근,승용차,경형,승용차,소형,949518,1692526,126.9452502,35.2268474
2016,2016082417,47,주간,수,1,1,0,0,0,전남,고흥군,차대사람,횡단중,횡단중,운전자법규위반,안전운전 의무 불이행,교차로,교차로내,화물차,중형,보행자,보행자,987605,1612382,127.3649744,34.50533423
2016,2016082309,40,주간,화,1,1,0,0,0,강원,강릉시,차량단독,전도전복,전도전복,운전자법규위반,안전운전 의무 불이행,단일로,기타단일로,화물차,중형,,,1112309,1956675,128.7723232,37.60264424
2016,2016082409,40,주간,수,1,1,0,0,0,전북,남원시,차량단독,전도전복,전도전복,운전자법규위반,안전운전 의무 불이행,기타/불명,기타/불명,원동기장치자전거,원동기장치자전거,,,980299,1710729,127.2830629,35.39205984
2016,2016082310,50,주간,화,1,1,0,0,0,경기,남양주시,차대차,측면직각충돌,측면직각충돌,운전자법규위반,안전운전 의무 불이행,교차로,교차로내,승용차,중형,이륜차,소형,985641,1961870,127.33721,37.65621574
2016,2016082305,15,야간,화,1,1,0,0,0,경기,수원시,차대사람,횡단중,횡단중,운전자법규위반,안전운전 의무 불이행,기타/불명,기타/불명,승용차,경형,보행자,보행자,955990,1921392,127.0034794,37.29042982
2016,2016082405,47,야간,수,1,1,0,0,0,제주,서귀포시,차대사람,횡단중,횡단중,운전자법규위반,안전운전 의무 불이행,교차로,교차로내,승용차,소형,보행자,보행자,896125,1475321,126.3847556,33.26428914
2016,2016082318,40,야간,화,1,1,0,0,0,충남,공주시,차량단독,기타,기타,운전자법규위반,안전운전 의무 불이행,단일로,기타단일로,이륜차,소형,,,971935,1823243,127.1869953,36.40628132
2016,2016082705,30,야간,토,1,1,0,0,0,제주,제주시,차대사람,차도통행중,차도통행중,운전자법규위반,안전운전 의무 불이행,교차로,교차로내,승용차,소형,보행자,보행자,900032,1500524,126.4238604,33.49203837
2016,2016082621,55,야간,금,1,1,0,0,0,경남,창원시(통합),차대사람,기타,기타,운전자법규위반,안전운전 의무 불이행,단일로,기타단일로,승용차,대형,보행자,보행자,1095810,1688379,128.5523223,35.18615251
2016,2016082921,20,야간,월,1,1,0,0,0,전북,완주군,차대사람,길가장자리구역통행중,길가장자리구역통행중,운전자법규위반,안전운전 의무 불이행,단일로,기타단일로,화물차,소형,보행자,보행자,964102,1738397,127.1034663,35.64147365
2016,2016082805,18,야간,일,1,3,2,0,0,부산,진구,차대차,정면충돌,정면충돌,운전자법규위반,중앙선 침범,고가도로위,고가도로위,화물차,소형,승용차,중형,1141433,1687200,129.0530797,35.17013571
2016,2016082715,25,주간,토,1,1,0,0,0,충남,태안군,차량단독,전도전복,전도전복,운전자법규위반,안전운전 의무 불이행,단일로,기타단일로,화물차,소형,,,883392,1870259,126.1924961,36.82335175
2016,2016090910,49,주간,금,2,2,0,0,0,경기,부천시,차대차,측면직각충돌,측면직각충돌,운전자법규위반,신호위반,교차로,교차로내,이륜차,중형,승용차,중형,936206,1944155,126.7783258,37.4944487
2016,2016090909,55,주간,금,1,6,1,2,2,서울,중구,차대사람,기타,기타,운전자법규위반,안전운전 의무 불이행,단일로,기타단일로,화물차,소형,보행자,보행자,954510,1951786,126.9849092,37.5643123
2016,2016091305,25,야간,화,1,1,0,0,0,경북,경주시,차대사람,기타,기타,운전자법규위반,안전운전 의무 불이행,단일로,기타단일로,승용차,중형,보행자,보행자,1166184,1743710,129.336282,35.67562629
2016,2016091309,40,주간,화,1,1,0,0,0,제주,제주시,차대차,측면직각충돌,측면직각충돌,운전자법규위반,차로위반(진로변경 위반),단일로,기타단일로,원동기장치자전거,원동기장치자전거,승용차,중형,910096,1502820,126.5319652,33.51349735
2016,2016072119,10,야간,목,1,3,2,0,0,대구,중구,차대차,측면직각충돌,측면직각충돌,운전자법규위반,중앙선 침범,교차로,교차로내,이륜차,소형,화물차,소형,1098190,1764697,128.5877059,35.87393197
2016,2016071805,0,야간,월,1,1,0,0,0,경기,오산시,차대사람,횡단중,횡단중,운전자법규위반,안전운전 의무 불이행,단일로,기타단일로,승용차,대형,보행자,보행자,961302,1905722,127.064221,37.14941929
2016,2016072320,50,야간,토,1,1,0,0,0,전북,전주시,차대차,측면직각충돌,측면직각충돌,운전자법규위반,부당한 회전,단일로,기타단일로,자전거,자전거,승용차,소형,966525,1760435,127.129331,35.83985814
2016,2016072404,3,야간,일,1,2,1,0,0,경남,창원시(통합),차량단독,전도전복,전도전복,운전자법규위반,안전운전 의무 불이행,단일로,기타단일로,승용차,경형,,,1103786,1693273,128.6405282,35.22948081
2016,2016072310,30,주간,토,1,1,0,0,0,충북,제천시,차대차,측면직각충돌,측면직각충돌,운전자법규위반,중앙선 침범,단일로,기타단일로,자전거,자전거,승용차,경형,1061774,1905729,128.1956247,37.14824215
2016,2016072817,16,주간,목,1,1,0,0,0,충북,음성군,차대차,측면직각충돌,측면직각충돌,운전자법규위반,교차로 통행방법 위반,교차로,교차로내,화물차,경형,이륜차,소형,1013084,1900373,127.6472475,37.10191183
2016,2016072814,10,주간,목,1,1,0,0,0,서울,노원구,차량단독,전도전복,전도전복,운전자법규위반,안전운전 의무 불이행,단일로,터널안,승용차,중형,,,963562,1964087,127.0867905,37.67558696
2016,2016080512,25,주간,금,1,1,0,0,0,강원,화천군,차대사람,횡단중,횡단중,운전자법규위반,안전운전 의무 불이행,단일로,기타단일로,승용차,중형,보행자,보행자,1009575,2019346,127.6093172,38.17431009
2016,2016080403,50,야간,목,1,1,0,0,0,경기,수원시,차량단독,공작물충돌,공작물충돌,운전자법규위반,안전운전 의무 불이행,단일로,기타단일로,이륜차,소형,,,957223,1916958,127.0176447,37.25052062
2016,2016081317,35,주간,토,1,1,0,0,0,경남,사천시,차대사람,횡단중,횡단중,운전자법규위반,안전운전 의무 불이행,교차로,교차로부근,승용차,소형,보행자,보행자,1053264,1660566,128.0832651,34.93852497
2016,2016081310,20,주간,토,1,1,0,0,0,경남,김해시,차대차,측면직각충돌,측면직각충돌,운전자법규위반,안전운전 의무 불이행,교차로,교차로내,건설기계,건설기계,이륜차,소형,1118570,1704315,128.8045534,35.32738137
2016,2016081620,15,야간,화,1,1,0,0,0,경북,군위군,차대사람,길가장자리구역통행중,길가장자리구역통행중,운전자법규위반,안전운전 의무 불이행,단일로,기타단일로,승용차,경형,보행자,보행자,1104057,1785239,128.6553813,36.05849487
2016,2016081519,30,야간,월,1,1,0,0,0,경기,가평군,차량단독,공작물충돌,공작물충돌,운전자법규위반,안전운전 의무 불이행,단일로,기타단일로,승용차,경형,,,987627,1978431,127.3594436,37.80551369
2016,2016081610,50,주간,화,1,1,0,0,0,강원,삼척시,차대사람,길가장자리구역통행중,길가장자리구역통행중,운전자법규위반,안전운전 의무 불이행,단일로,기타단일로,화물차,소형,보행자,보행자,1122275,1922490,128.8795277,37.29332819
2016,2016082211,25,주간,월,1,1,0,0,0,전남,보성군,차대차,측면직각충돌,측면직각충돌,운전자법규위반,안전운전 의무 불이행,교차로,교차로내,화물차,소형,이륜차,소형,986353,1650186,127.3507253,34.84623081
2016,2016082610,0,주간,금,1,2,0,1,0,충남,서산시,차대차,정면충돌,정면충돌,운전자법규위반,신호위반,교차로,교차로내,특수차,대형,승용차,경형,907676,1873637,126.4643319,36.85648065
2016,2016082704,20,야간,토,1,1,0,0,0,경북,영덕군,차대사람,차도통행중,차도통행중,운전자법규위반,안전운전 의무 불이행,단일로,기타단일로,화물차,대형,보행자,보행자,1167691,1823177,129.3697807,36.39145811
2016,2016082623,25,야간,금,1,1,0,0,0,전남,목포시,차대차,기타,기타,운전자법규위반,안전운전 의무 불이행,단일로,기타단일로,화물차,소형,승합차,중형,901926,1647115,126.4276801,34.81390386
2016,2016082906,33,주간,월,1,1,0,0,0,부산,동구,차대사람,횡단중,횡단중,운전자법규위반,신호위반,단일로,횡단보도상,건설기계,건설기계,보행자,보행자,1140292,1681098,129.0394375,35.11520696
2016,2016082912,55,주간,월,1,3,0,2,0,전북,완주군,차대차,정면충돌,정면충돌,운전자법규위반,중앙선 침범,단일로,교량위,승합차,대형,화물차,소형,968845,1748965,127.1554666,35.73651998
2016,2016082807,18,주간,일,1,1,0,0,0,울산,중구,차량단독,공작물충돌,공작물충돌,운전자법규위반,안전운전 의무 불이행,교차로,교차로부근,원동기장치자전거,원동기장치자전거,,,1167033,1731804,129.3431942,35.56818806
2016,2016082705,37,야간,토,1,1,0,0,0,경기,화성시,차대사람,횡단중,횡단중,운전자법규위반,안전운전 의무 불이행,교차로,교차로내,승용차,중형,보행자,보행자,953128,1914400,126.971632,37.22726653
2016,2016082805,45,야간,일,1,1,0,0,0,전북,전주시,차대사람,횡단중,횡단중,운전자법규위반,안전운전 의무 불이행,단일로,기타단일로,승용차,중형,보행자,보행자,967658,1760812,127.1418612,35.84329522
2016,2016091110,15,주간,일,1,1,0,0,0,대구,수성구,차대사람,횡단중,횡단중,운전자법규위반,보행자 보호의무 위반,단일로,횡단보도상,승용차,대형,보행자,보행자,1102977,1762723,128.64047,35.85564582
2016,2016091005,15,야간,토,1,1,0,0,0,경기,수원시,차대차,측면직각충돌,측면직각충돌,운전자법규위반,안전운전 의무 불이행,교차로,교차로내,자전거,자전거,승용차,중형,957299,1916916,127.0185041,37.25014553
2016,2016091308,20,주간,화,1,1,0,0,0,부산,남구,차대사람,횡단중,횡단중,운전자법규위반,신호위반,교차로,교차로내,화물차,대형,보행자,보행자,1144007,1681528,129.0803465,35.11864389
2016,2016090721,30,야간,수,1,1,0,0,0,대구,남구,차대사람,횡단중,횡단중,운전자법규위반,안전운전 의무 불이행,단일로,횡단보도상,승용차,중형,보행자,보행자,1098212,1762798,128.5877156,35.8568112
2016,2016090900,10,야간,금,1,1,0,0,0,충남,서산시,차대차,추돌,진행중 추돌,운전자법규위반,안전운전 의무 불이행,단일로,기타단일로,승용차,대형,자전거,자전거,905099,1866756,126.4362871,36.79420589
2016,2016090820,0,야간,목,1,1,0,0,0,전남,영암군,차량단독,도로이탈,도로이탈 추락,운전자법규위반,안전운전 의무 불이행,단일로,기타단일로,원동기장치자전거,원동기장치자전거,,,918025,1644068,126.6039794,34.78785404
2016,2016071906,50,주간,화,1,1,0,0,0,경남,거제시,차량단독,공작물충돌,공작물충돌,운전자법규위반,안전운전 의무 불이행,단일로,기타단일로,화물차,소형,,,1108435,1666009,128.688035,34.98319465
2016,2016072319,15,야간,토,1,1,0,0,0,충북,청주시,차대차,정면충돌,정면충돌,운전자법규위반,안전운전 의무 불이행,교차로,교차로내,이륜차,소형,승용차,경형,1013892,1848411,127.6553892,36.63348367
2016,2016072405,25,야간,일,1,1,0,0,0,경북,경주시,차대사람,길가장자리구역통행중,길가장자리구역통행중,운전자법규위반,안전운전 의무 불이행,단일로,기타단일로,승용차,경형,보행자,보행자,1176451,1742611,129.4494313,35.66393966
2016,2016072705,50,야간,수,1,1,0,0,0,전남,순천시,차량단독,전도전복,전도전복,운전자법규위반,안전운전 의무 불이행,단일로,기타단일로,승용차,중형,,,1005456,1655588,127.5597145,34.895021
2016,2016072521,40,야간,월,1,1,0,0,0,울산,남구,차대차,측면직각충돌,측면직각충돌,운전자법규위반,중앙선 침범,단일로,기타단일로,승용차,소형,화물차,대형,1164110,1725987,129.3097752,35.51625335
2016,2016072621,3,야간,화,1,2,1,0,0,경기,양주시,차대차,정면충돌,정면충돌,운전자법규위반,중앙선 침범,단일로,기타단일로,승용차,경형,승용차,경형,958553,1976167,127.0293011,37.78425144
2016,2016073015,30,주간,토,1,1,0,0,0,부산,동래구,차대차,측면직각충돌,측면직각충돌,운전자법규위반,부당한 회전,단일로,횡단보도상,자전거,자전거,승용차,중형,1145295,1690337,129.0960268,35.19786049
2016,2016073003,53,야간,토,1,2,1,0,0,강원,원주시,차대차,추돌,진행중 추돌,운전자법규위반,안전운전 의무 불이행,단일로,기타단일로,승용차,소형,화물차,소형,1024556,1921788,127.777057,37.29471651
2016,2016080610,10,주간,토,1,1,0,0,0,경남,창원시(통합),차대사람,기타,기타,운전자법규위반,안전운전 의무 불이행,단일로,기타단일로,승용차,경형,보행자,보행자,1111644,1680444,128.7251282,35.11298152
2016,2016080405,29,야간,목,1,2,1,0,0,서울,성동구,차량단독,전도전복,전도전복,운전자법규위반,안전운전 의무 불이행,단일로,기타단일로,이륜차,대형,,,959685,1948851,127.0436661,37.53809937
2016,2016080420,0,야간,목,1,1,0,0,0,경남,밀양시,차량단독,전도전복,전도전복,운전자법규위반,안전운전 의무 불이행,단일로,기타단일로,자전거,자전거,,,1131688,1719476,128.9512906,35.46239871