발생년,발생년월일시,발생분,주야,요일,사망자수,사상자수,중상자수,경상자수,부상신고자수,발생지시도,발생지시군구,사고유형_대분류,사고유형_중분류,사고유형,법규위반_대분류,법규위반,도로형태_대분류,도로형태,당사자종별_1당_대분류,당사자종별_1당,당사자종별_2당_대분류,당사자종별_2당,발생위치X_UTMK,발생위치Y_UTMK,경도,위도
2016,2016080213,55,주간,화,1,1,0,0,0,전북,전주시,차대사람,기타,기타,운전자법규위반,안전운전 의무 불이행,교차로,교차로내,승합차,소형,보행자,보행자,964737,1759689,127.1095658,35.83306953
2016,2016080920,10,야간,화,1,1,0,0,0,충남,예산군,차량단독,전도전복,전도전복,운전자법규위반,안전운전 의무 불이행,단일로,기타단일로,이륜차,소형,,,933685,1862727,126.7570187,36.76032236
2016,2016081106,50,주간,목,1,1,0,0,0,전남,목포시,차대차,기타,기타,운전자법규위반,과속,교차로,교차로부근,승합차,대형,화물차,대형,895569,1641786,126.3588479,34.76522549
2016,2016080604,30,야간,토,1,1,0,0,0,경기,김포시,차량단독,전도전복,전도전복,운전자법규위반,안전운전 의무 불이행,단일로,기타단일로,이륜차,소형,,,923988,1964085,126.6380533,37.67314307
2016,2016080705,58,야간,일,1,2,1,0,0,경기,안성시,차량단독,기타,기타,운전자법규위반,안전운전 의무 불이행,단일로,기타단일로,이륜차,소형,,,976245,1890585,127.2329713,37.01347047
2016,2016081410,35,주간,일,1,2,1,0,0,전북,전주시,차대차,기타,기타,운전자법규위반,안전운전 의무 불이행,단일로,기타단일로,승용차,대형,승용차,중형,960382,1764226,127.0611228,35.87380835
2016,2016081305,30,야간,토,1,1,0,0,0,인천,서구,차대사람,횡단중,횡단중,운전자법규위반,안전운전 의무 불이행,단일로,기타단일로,승용차,경형,보행자,보행자,925546,1956136,126.6567603,37.60170894
2016,2016081508,10,주간,월,1,1,0,0,0,전북,정읍시,차량단독,도로이탈,도로이탈 기타,운전자법규위반,안전운전 의무 불이행,단일로,기타단일로,농기계,농기계,,,930503,1732018,126.7338384,35.57951148
2016,2016081608,43,주간,화,1,1,0,0,0,제주,서귀포시,차량단독,전도전복,전도전복,운전자법규위반,안전운전 의무 불이행,단일로,기타단일로,승용차,중형,,,941248,1486510,126.8684364,33.36856147
2016,2016052521,34,야간,수,1,1,0,0,0,전북,전주시,차량단독,전도전복,전도전복,운전자법규위반,안전운전 의무 불이행,단일로,기타단일로,승용차,소형,,,966149,1759672,127.1252,35.83296603
2016,2016052401,20,야간,화,1,1,0,0,0,충북,청주시,차대차,기타,기타,운전자법규위반,안전운전 의무 불이행,단일로,기타단일로,승용차,경형,자전거,자전거,997826,1851088,127.4756751,36.65771559
2016,2016052120,30,야간,토,1,1,0,0,0,인천,강화군,차대차,정면충돌,정면충돌,운전자법규위반,중앙선 침범,단일로,기타단일로,화물차,소형,이륜차,소형,908692,1974255,126.46335,37.76339862
2016,2016052202,30,야간,일,1,1,0,0,0,인천,서구,차량단독,전도전복,전도전복,운전자법규위반,중앙선 침범,단일로,기타단일로,이륜차,소형,,,926908,1946674,126.6729005,37.5164624
2016,2016052219,34,야간,일,2,2,0,0,0,경기,평택시,차대사람,기타,기타,운전자법규위반,안전운전 의무 불이행,단일로,기타단일로,승용차,중형,보행자,보행자,963740,1895710,127.0921589,37.05926847
2016,2016052808,15,주간,토,1,2,0,1,0,전남,영암군,차대차,측면직각충돌,측면직각충돌,운전자법규위반,안전운전 의무 불이행,교차로,교차로내,원동기장치자전거,원동기장치자전거,승용차,대형,919392,1644240,126.6189032,34.78951398
2016,2016052510,12,주간,수,1,1,0,0,0,충북,충주시,차대사람,횡단중,횡단중,운전자법규위반,안전운전 의무 불이행,기타/불명,기타/불명,화물차,소형,보행자,보행자,1036486,1887620,127.909991,36.98633512
2016,2016050417,15,주간,수,1,1,0,0,0,서울,동작구,차대차,측면직각충돌,측면직각충돌,운전자법규위반,안전운전 의무 불이행,교차로,교차로내,승용차,중형,이륜차,중형,948955,1944670,126.9225065,37.49988349
2016,2016051113,17,주간,수,1,3,0,2,0,서울,서대문구,차대사람,차도통행중,차도통행중,운전자법규위반,안전운전 의무 불이행,단일로,기타단일로,승용차,중형,보행자,보행자,950118,1953537,126.9350607,37.57986683
2016,2016050916,20,주간,월,1,1,0,0,0,충북,진천군,차대사람,횡단중,횡단중,운전자법규위반,신호위반,교차로,교차로내,건설기계,건설기계,보행자,보행자,995434,1872393,127.4487834,36.84976745
2016,2016051411,7,주간,토,1,1,0,0,0,전북,전주시,차대차,정면충돌,정면충돌,운전자법규위반,안전운전 의무 불이행,교차로,교차로내,이륜차,소형,승용차,중형,972760,1753662,127.1986011,35.77898517
2016,2016051413,13,주간,토,1,2,1,0,0,강원,영월군,차량단독,전도전복,전도전복,운전자법규위반,안전운전 의무 불이행,기타/불명,기타/불명,승용차,경형,,,1061098,1923635,128.1894809,37.30968102
2016,2016051203,54,야간,목,1,1,0,0,0,경기,화성시,차량단독,전도전복,전도전복,운전자법규위반,안전운전 의무 불이행,단일로,기타단일로,승용차,대형,,,950654,1913031,126.9438354,37.21479912
2016,2016051420,15,야간,토,1,2,0,1,0,경기,부천시,차대사람,횡단중,횡단중,운전자법규위반,과속,교차로,교차로부근,원동기장치자전거,원동기장치자전거,보행자,보행자,935445,1945774,126.7695754,37.50898773
2016,2016052114,0,주간,토,1,1,0,0,0,경기,평택시,차량단독,전도전복,전도전복,운전자법규위반,안전운전 의무 불이행,단일로,기타단일로,승용차,중형,,,950651,1889644,126.9453411,37.00399232
2016,2016052115,0,주간,토,1,2,1,0,0,전남,고흥군,차량단독,전도전복,전도전복,운전자법규위반,안전운전 의무 불이행,단일로,기타단일로,화물차,소형,,,983171,1628858,127.3163461,34.65385219
2016,2016052107,17,주간,토,1,1,0,0,0,전남,완도군,차량단독,전도전복,전도전복,운전자법규위반,안전운전 의무 불이행,단일로,기타단일로,화물차,소형,,,946327,1596856,126.9162974,34.36399931
2016,2016051910,50,주간,목,1,1,0,0,0,충남,홍성군,차대차,측면직각충돌,측면직각충돌,운전자법규위반,차로위반(진로변경 위반),단일로,기타단일로,이륜차,소형,승용차,경형,923435,1839828,126.6444774,36.55313964
2016,2016052407,50,주간,화,1,8,3,4,0,경기,파주시,차대차,정면충돌,정면충돌,운전자법규위반,중앙선 침범,단일로,기타단일로,화물차,중형,승용차,중형,939602,1987797,126.8131221,37.8880106
2016,2016052308,10,주간,월,1,1,0,0,0,강원,속초시,차대차,측면직각충돌,측면직각충돌,운전자법규위반,안전운전 의무 불이행,교차로,교차로부근,자전거,자전거,화물차,소형,1092632,2021566,128.5577813,38.18960404
2016,2016052220,5,야간,일,1,1,0,0,0,충남,공주시,차대사람,횡단중,횡단중,운전자법규위반,보행자 보호의무 위반,교차로,교차로내,화물차,소형,보행자,보행자,967240,1828179,127.134425,36.4506312
2016,2016052209,15,주간,일,1,1,0,0,0,충남,부여군,차대차,측면직각충돌,측면직각충돌,운전자법규위반,안전운전 의무 불이행,교차로,교차로내,화물차,소형,자전거,자전거,952407,1802826,126.9704555,36.22145096
2016,2016052307,40,주간,월,1,1,0,0,0,경기,양평군,차량단독,전도전복,전도전복,운전자법규위반,안전운전 의무 불이행,기타/불명,기타/불명,승용차,대형,,,1002563,1945076,127.5289984,37.50495105
2016,2016052900,57,야간,일,1,1,0,0,0,경기,의정부시,차대사람,기타,기타,운전자법규위반,안전운전 의무 불이행,교차로,교차로내,승용차,중형,보행자,보행자,959507,1969354,127.0405149,37.72288874
2016,2016052816,20,주간,토,1,2,1,0,0,충남,천안시,차대차,측면직각충돌,측면직각충돌,운전자법규위반,안전운전 의무 불이행,교차로,교차로내,승용차,중형,이륜차,소형,970640,1861824,127.1710805,36.75404719
2016,2016052704,1,야간,금,1,1,0,0,0,서울,성북구,차대사람,횡단중,횡단중,운전자법규위반,안전운전 의무 불이행,교차로,교차로부근,화물차,소형,보행자,보행자,958835,1955813,127.0336539,37.60081213
2016,2016052609,30,주간,목,1,1,0,0,0,경북,안동시,차대차,측면직각충돌,측면직각충돌,운전자법규위반,안전운전 의무 불이행,단일로,기타단일로,이륜차,사발이,화물차,소형,1096332,1845360,128.577056,36.60121306
2016,2016053009,40,주간,월,1,1,0,0,0,부산,금정구,차대사람,기타,기타,운전자법규위반,안전운전 의무 불이행,단일로,기타단일로,건설기계,건설기계,보행자,보행자,1144390,1694995,129.0868897,35.23997237
2016,2016053002,45,야간,월,1,1,0,0,0,경기,광주시,차대사람,횡단중,횡단중,운전자법규위반,신호위반,교차로,교차로부근,승용차,대형,보행자,보행자,986821,1927266,127.3512079,37.34432559
2016,2016050603,40,야간,금,1,1,0,0,0,부산,북구,차량단독,공작물충돌,공작물충돌,운전자법규위반,안전운전 의무 불이행,단일로,기타단일로,원동기장치자전거,원동기장치자전거,,,1136966,1691220,129.0047108,35.20699107
2016,2016050417,0,주간,수,1,1,0,0,0,충남,서천군,차량단독,기타,기타,운전자법규위반,안전운전 의무 불이행,단일로,기타단일로,화물차,소형,,,909997,1796121,126.4993987,36.15799196
2016,2016050900,52,야간,월,1,1,0,0,0,전북,완주군,차량단독,전도전복,전도전복,운전자법규위반,안전운전 의무 불이행,단일로,기타단일로,승용차,중형,,,968971,1765390,127.1562223,35.88461286
2016,2016050916,10,주간,월,1,1,0,0,0,부산,연제구,차대사람,차도통행중,차도통행중,운전자법규위반,중앙선 침범,단일로,기타단일로,승용차,중형,보행자,보행자,1143173,1689450,129.072571,35.19017024
2016,2016051411,30,주간,토,1,1,0,0,0,경북,상주시,차량단독,전도전복,전도전복,운전자법규위반,안전운전 의무 불이행,기타/불명,기타/불명,농기계,농기계,,,1057196,1842022,128.1392743,36.57427391
2016,2016051221,7,야간,목,1,1,0,0,0,경기,수원시,차대사람,기타,기타,운전자법규위반,보행자 보호의무 위반,단일로,기타단일로,승용차,중형,보행자,보행자,956899,1919731,127.0138307,37.27550068
2016,2016051113,20,주간,수,1,1,0,0,0,경기,광명시,차대사람,횡단중,횡단중,운전자법규위반,안전운전 의무 불이행,단일로,기타단일로,승합차,경형,보행자,보행자,942465,1941157,126.8493611,37.4678387
2016,2016051610,35,주간,월,1,1,0,0,0,경기,이천시,차대차,측면직각충돌,측면직각충돌,운전자법규위반,안전운전 의무 불이행,단일로,기타단일로,이륜차,소형,화물차,소형,1003943,1900790,127.5443768,37.1057539
2016,2016051515,50,주간,일,1,1,0,0,0,전북,김제시,차대차,측면직각충돌,측면직각충돌,운전자법규위반,안전운전 의무 불이행,교차로,교차로내,화물차,소형,원동기장치자전거,원동기장치자전거,947138,1763188,126.9105801,35.86769493
2016,2016051921,40,야간,목,1,7,0,6,0,경기,안산시,차대차,추돌,진행중 추돌,운전자법규위반,신호위반,교차로,교차로내,승용차,중형,이륜차,소형,943214,1926057,126.8589911,37.33178491
2016,2016052107,0,주간,토,1,1,0,0,0,경기,고양시,차량단독,공작물충돌,공작물충돌,운전자법규위반,안전운전 의무 불이행,단일로,기타단일로,원동기장치자전거,원동기장치자전거,,,941591,1959161,126.8380445,37.63005374
2016,2016052223,38,야간,일,1,1,0,0,0,서울,은평구,차량단독,공작물충돌,공작물충돌,운전자법규위반,안전운전 의무 불이행,단일로,기타단일로,원동기장치자전거,원동기장치자전거,,,946131,1954100,126.8898667,37.58471643
2016,2016052105,55,야간,토,1,1,0,0,0,서울,강북구,차량단독,전도전복,전도전복,운전자법규위반,안전운전 의무 불이행,단일로,기타단일로,이륜차,소형,,,959336,1959305,127.0391352,37.6323085
2016,2016052515,36,주간,수,1,1,0,0,0,부산,사하구,차대사람,기타,기타,운전자법규위반,안전운전 의무 불이행,단일로,기타단일로,승합차,중형,보행자,보행자,1136216,1679609,128.9837959,35.0988882
2016,2016052913,44,주간,일,1,1,0,0,0,경북,상주시,차대차,추돌,진행중 추돌,운전자법규위반,안전운전 의무 불이행,교차로,교차로부근,원동기장치자전거,원동기장치자전거,승용차,소형,1059253,1823360,128.1608332,36.40591792
2016,2016052918,0,야간,일,1,1,0,0,0,세종,세종,차량단독,전도전복,전도전복,운전자법규위반,안전운전 의무 불이행,단일로,기타단일로,승용차,경형,,,987427,1838086,127.3595332,36.54042182
2016,2016052917,26,주간,일,1,1,0,0,0,서울,관악구,차대사람,차도통행중,차도통행중,운전자법규위반,기타(운전자법규위반),교차로,교차로부근,승합차,대형,보행자,보행자,948757,1941794,126.9204668,37.47395049
2016,2016060416,55,주간,토,1,3,0,2,0,울산,남구,차대차,측면직각충돌,측면직각충돌,운전자법규위반,중앙선 침범,단일로,기타단일로,승용차,중형,특수차,대형,1167080,1724812,129.3422709,35.50516849
2016,2016050509,58,주간,목,1,1,0,0,0,대전,유성구,차대차,기타,기타,운전자법규위반,안전운전 의무 불이행,교차로,교차로부근,승용차,대형,자전거,자전거,985730,1817275,127.3409577,36.35278193
2016,2016050419,35,야간,수,1,3,0,2,0,전북,고창군,차대차,측면직각충돌,측면직각충돌,운전자법규위반,안전운전 의무 불이행,교차로,교차로내,화물차,소형,승용차,소형,919209,1720748,126.6094227,35.47930768
2016,2016050913,35,주간,월,1,1,0,0,0,경북,경산시,차대사람,횡단중,횡단중,운전자법규위반,안전운전 의무 불이행,교차로,교차로내,화물차,소형,보행자,보행자,1120667,1756055,128.8353351,35.79352303
2016,2016050912,26,주간,월,1,1,0,0,0,경기,남양주시,차대사람,횡단중,횡단중,운전자법규위반,과속,기타/불명,기타/불명,화물차,소형,보행자,보행자,973423,1963731,127.1986263,37.67271699
2016,2016050908,5,주간,월,1,1,0,0,0,경기,부천시,차대사람,횡단중,횡단중,운전자법규위반,안전운전 의무 불이행,교차로,교차로부근,화물차,중형,보행자,보행자,938874,1944060,126.8085136,37.49377298
2016,2016051010,53,주간,화,1,1,0,0,0,강원,강릉시,차대사람,횡단중,횡단중,운전자법규위반,보행자 보호의무 위반,단일로,횡단보도상,승용차,경형,보행자,보행자,1122419,1972075,128.9050333,37.76140338
2016,2016051014,18,주간,화,1,1,0,0,0,경북,김천시,차량단독,전도전복,전도전복,운전자법규위반,안전운전 의무 불이행,단일로,기타단일로,화물차,소형,,,1055849,1790019,128.1204899,36.10555197
2016,2016050813,10,주간,일,1,2,1,0,0,경북,구미시,차량단독,전도전복,전도전복,운전자법규위반,안전운전 의무 불이행,단일로,기타단일로,원동기장치자전거,원동기장치자전거,,,1082527,1795275,128.4174087,36.15103128
2016,2016051311,4,주간,금,1,1,0,0,0,충북,영동군,차대사람,기타,기타,운전자법규위반,안전운전 의무 불이행,기타/불명,기타/불명,승합차,대형,보행자,보행자,1044843,1801759,127.9988865,36.21196316
2016,2016051317,15,주간,금,1,1,0,0,0,서울,노원구,차대차,추돌,진행중 추돌,운전자법규위반,안전운전 의무 불이행,교차로,교차로부근,승용차,중형,자전거,자전거,962164,1962902,127.070999,37.66484976
2016,2016051201,40,야간,목,1,3,2,0,0,부산,금정구,차대사람,기타,기타,운전자법규위반,기타(운전자법규위반),단일로,기타단일로,승용차,중형,보행자,보행자,1144230,1698809,129.0858127,35.27438665
2016,2016051621,10,야간,월,1,1,0,0,0,경기,안성시,차대차,측면직각충돌,측면직각충돌,운전자법규위반,안전운전 의무 불이행,교차로,교차로내,자전거,자전거,승용차,경형,979613,1889543,127.2708587,37.00415667
2016,2016052017,55,주간,금,1,1,0,0,0,광주,광산구,차대사람,횡단중,횡단중,운전자법규위반,과속,단일로,기타단일로,승용차,중형,보행자,보행자,940726,1691088,126.8487431,35.21340033
2016,2016052420,53,야간,화,1,1,0,0,0,충북,청주시,차대사람,기타,기타,운전자법규위반,과속,단일로,기타단일로,승용차,중형,보행자,보행자,1002751,1858143,127.5308064,36.72131422
2016,2016052319,18,야간,월,1,1,0,0,0,경북,경산시,차대사람,횡단중,횡단중,운전자법규위반,과속,단일로,기타단일로,승용차,경형,보행자,보행자,1114348,1763751,128.766525,35.86365095
2016,2016052420,51,야간,화,1,1,0,0,0,충남,천안시,차대사람,횡단중,횡단중,운전자법규위반,안전운전 의무 불이행,단일로,횡단보도상,승용차,경형,보행자,보행자,966634,1872628,127.1257286,36.85130773
2016,2016052417,25,주간,화,2,4,0,2,0,경기,시흥시,차대차,정면충돌,정면충돌,운전자법규위반,중앙선 침범,단일로,기타단일로,승합차,중형,승용차,중형,938470,1935243,126.8046797,37.4142779
2016,2016052707,25,주간,금,1,1,0,0,0,인천,연수구,차대차,측면직각충돌,측면직각충돌,운전자법규위반,안전운전 의무 불이행,교차로,교차로부근,승용차,대형,자전거,자전거,923600,1932689,126.636921,37.39015159
2016,2016052911,20,주간,일,1,1,0,0,0,전북,완주군,차대차,추돌,진행중 추돌,운전자법규위반,안전운전 의무 불이행,단일로,터널안,승용차,경형,원동기장치자전거,원동기장치자전거,971268,1772208,127.1814246,35.94615362
2016,2016052921,0,야간,일,1,4,2,1,0,경남,진주시,차대차,측면직각충돌,측면직각충돌,운전자법규위반,과속,단일로,기타단일로,승용차,중형,화물차,경형,1053483,1701883,128.0883361,35.31105978
2016,2016052917,21,주간,일,1,1,0,0,0,충남,아산시,차대차,추돌,진행중 추돌,운전자법규위반,중앙선 침범,단일로,기타단일로,자전거,자전거,승용차,경형,955446,1865128,127.0006742,36.78323865
2016,2016060504,2,야간,일,1,1,0,0,0,경기,평택시,차대사람,기타,기타,운전자법규위반,안전운전 의무 불이행,교차로,교차로부근,승용차,소형,보행자,보행자,962582,1889968,127.0794199,37.00746381
2016,2016060408,38,주간,토,1,1,0,0,0,경기,남양주시,차량단독,공작물충돌,공작물충돌,운전자법규위반,안전운전 의무 불이행,교차로,교차로부근,승용차,경형,,,965622,1960769,127.1103069,37.64576065
2016,2016060414,30,주간,토,1,3,1,1,0,경남,하동군,차대차,측면직각충돌,측면직각충돌,운전자법규위반,안전운전 의무 불이행,교차로,교차로내,승용차,경형,승용차,경형,1036708,1670171,127.9023977,35.02587073
2016,2016050512,29,주간,목,1,1,0,0,0,경북,경산시,차대사람,횡단중,횡단중,운전자법규위반,안전운전 의무 불이행,교차로,교차로내,화물차,소형,보행자,보행자,1111719,1749872,128.7354732,35.73884715
2016,2016050922,45,야간,월,1,1,0,0,0,경남,남해군,차대사람,기타,기타,운전자법규위반,안전운전 의무 불이행,단일로,기타단일로,승용차,경형,보행자,보행자,1036484,1649674,127.8990462,34.84105082
2016,2016051008,0,주간,화,1,2,1,0,0,강원,속초시,차대차,측면직각충돌,측면직각충돌,운전자법규위반,중앙선 침범,단일로,기타단일로,승용차,중형,승용차,대형,1096482,2020703,128.6016206,38.18142333
2016,2016051408,47,주간,토,1,1,0,0,0,충북,청주시,차대차,측면직각충돌,측면직각충돌,운전자법규위반,신호위반,교차로,교차로내,승용차,소형,이륜차,대형,994214,1849598,127.4352716,36.6442682
2016,2016051122,40,야간,수,1,1,0,0,0,전북,군산시,차량단독,전도전복,전도전복,운전자법규위반,안전운전 의무 불이행,단일로,기타단일로,승용차,중형,,,938937,1769859,126.8231085,35.92341833
2016,2016051212,50,주간,목,1,2,0,1,0,경남,창녕군,차대차,측면직각충돌,측면직각충돌,운전자법규위반,안전운전 의무 불이행,교차로,교차로내,승합차,소형,이륜차,중형,1087147,1711077,128.4595974,35.39158122
2016,2016051810,30,주간,수,1,1,0,0,0,충북,청주시,차대사람,기타,기타,운전자법규위반,안전운전 의무 불이행,지하도로내,지하도로내,화물차,소형,보행자,보행자,999248,1855621,127.4915814,36.69858241
2016,2016052021,20,야간,금,1,1,0,0,0,경북,구미시,차대사람,횡단중,횡단중,운전자법규위반,안전운전 의무 불이행,교차로,교차로내,화물차,중형,보행자,보행자,1074587,1792203,128.3288614,36.12398146
2016,2016051800,15,야간,수,1,1,0,0,0,경북,안동시,차대사람,차도통행중,차도통행중,운전자법규위반,안전운전 의무 불이행,단일로,기타단일로,승용차,중형,보행자,보행자,1110529,1841605,128.7352172,36.56582933
2016,2016052420,35,야간,화,1,1,0,0,0,전북,김제시,차대차,측면직각충돌,측면직각충돌,운전자법규위반,중앙선 침범,단일로,기타단일로,자전거,자전거,화물차,소형,949659,1768174,126.9420913,35.90890957
2016,2016052323,0,야간,월,1,2,1,0,0,충남,예산군,차대차,정면충돌,정면충돌,운전자법규위반,직진 및 우회전차의 통행방해,교차로,교차로내,화물차,소형,승용차,대형,941009,1856724,126.8395339,36.70669401
2016,2016060321,30,야간,금,1,1,0,0,0,서울,강남구,차대차,측면직각충돌,측면직각충돌,운전자법규위반,신호위반,교차로,교차로부근,승용차,중형,이륜차,중형,960852,1946825,127.0569832,37.51988863
2016,2016060405,19,야간,토,1,1,0,0,0,전북,익산시,차량단독,전도전복,전도전복,운전자법규위반,안전운전 의무 불이행,단일로,기타단일로,이륜차,사발이,,,949139,1788157,126.9350451,36.08903954
2016,2016060413,50,주간,토,1,3,2,0,0,강원,양양군,차대차,정면충돌,정면충돌,운전자법규위반,중앙선 침범,교차로,교차로부근,승용차,경형,승용차,대형,1104355,2004523,128.6891303,38.03475117
2016,2016072910,30,주간,금,1,1,0,0,0,제주,서귀포시,차량단독,전도전복,전도전복,운전자법규위반,안전운전 의무 불이행,교차로,교차로내,농기계,농기계,,,888297,1477885,126.3003809,33.28658193
2016,2016072513,50,주간,월,1,1,0,0,0,경남,합천군,차량단독,전도전복,전도전복,운전자법규위반,안전운전 의무 불이행,단일로,기타단일로,건설기계,건설기계,,,1073020,1728517,128.3056233,35.54995299
2016,2016073109,10,주간,일,1,1,0,0,0,강원,강릉시,차대사람,횡단중,횡단중,운전자법규위반,안전운전 의무 불이행,교차로,교차로부근,승용차,경형,보행자,보행자,1116368,1988215,128.8233471,37.88634312
2016,2016073107,25,주간,일,1,1,0,0,0,경남,창녕군,차대차,정면충돌,정면충돌,운전자법규위반,안전운전 의무 불이행,단일로,기타단일로,화물차,소형,이륜차,소형,1082270,1734364,128.4082619,35.60194132
2016,2016073108,10,주간,일,1,1,0,0,0,전남,고흥군,차대사람,횡단중,횡단중,운전자법규위반,안전운전 의무 불이행,단일로,기타단일로,화물차,소형,보행자,보행자,977012,1618075,127.2494261,34.55649198
2016,2016073102,55,야간,일,1,1,0,0,0,인천,남구,차대사람,횡단중,횡단중,운전자법규위반,안전운전 의무 불이행,단일로,횡단보도상,승용차,중형,보행자,보행자,928767,1940113,126.6945699,37.4574749
2016,2016080614,35,주간,토,1,3,1,0,1,충남,부여군,차대차,측면직각충돌,측면직각충돌,운전자법규위반,중앙선 침범,단일로,기타단일로,화물차,소형,화물차,소형,944350,1801988,126.8808731,36.21346605
2016,2016080520,35,야간,금,1,4,2,1,0,전남,목포시,차대차,정면충돌,정면충돌,운전자법규위반,직진 및 우회전차의 통행방해,교차로,교차로내,승용차,중형,승용차,중형,895574,1640646,126.359044,34.75494775
2016,2016081008,0,주간,수,1,1,0,0,0,경북,상주시,차대차,측면직각충돌,측면직각충돌,운전자법규위반,교차로 통행방법 위반,단일로,기타단일로,원동기장치자전거,원동기장치자전거,화물차,소형,1058574,1830548,128.1538043,36.4707572
2016,2016080612,15,주간,토,1,2,1,0,0,전남,신안군,차량단독,도로이탈,도로이탈 추락,운전자법규위반,안전운전 의무 불이행,단일로,기타단일로,이륜차,사발이,,,861898,1634636,125.9921842,34.6967667
2016,2016081221,20,야간,금,1,1,0,0,0,경기,이천시,차대사람,횡단중,횡단중,운전자법규위반,보행자 보호의무 위반,단일로,기타단일로,승용차,중형,보행자,보행자,995539,1919737,127.4496801,37.27654239
2016,2016081210,0,주간,금,1,1,0,0,0,경기,화성시,차대차,추돌,진행중 추돌,운전자법규위반,안전거리 미확보,단일로,기타단일로,이륜차,중형,화물차,소형,950214,1910565,126.939041,37.19254798
2016,2016081607,0,주간,화,1,1,0,0,0,인천,서구,차대사람,횡단중,횡단중,운전자법규위반,신호위반,단일로,기타단일로,승용차,소형,보행자,보행자,927346,1951494,126.6773792,37.55993811
2016,2016082211,15,주간,월,1,1,0,0,0,충남,논산시,차대사람,횡단중,횡단중,운전자법규위반,안전운전 의무 불이행,단일로,터널안,승용차,대형,보행자,보행자,961202,1798044,127.0685471,36.17873242
2016,2016082212,50,주간,월,1,1,0,0,0,경기,파주시,차대사람,횡단중,횡단중,운전자법규위반,보행자 보호의무 위반,교차로,교차로내,화물차,소형,보행자,보행자,936281,1973518,126.7766138,37.75909541
2016,2016082006,35,주간,토,1,1,0,0,0,경북,영주시,차대사람,횡단중,횡단중,운전자법규위반,보행자 보호의무 위반,교차로,교차로내,화물차,소형,보행자,보행자,1100102,1870084,128.622437,36.82366551
2016,2016081819,30,야간,목,1,1,0,0,0,경북,경주시,차대사람,길가장자리구역통행중,길가장자리구역통행중,운전자법규위반,안전운전 의무 불이행,단일로,기타단일로,승용차,중형,보행자,보행자,1157616,1771234,129.2470729,35.92508056
2016,2016082517,40,주간,목,1,2,0,1,0,경북,경주시,차대차,기타,기타,운전자법규위반,안전운전 의무 불이행,단일로,기타단일로,승용차,중형,이륜차,소형,1155859,1761058,129.2256149,35.83365603
2016,2016082205,30,야간,월,1,1,0,0,0,경북,예천군,차대차,측면직각충돌,측면직각충돌,운전자법규위반,안전운전 의무 불이행,교차로,교차로내,화물차,소형,농기계,농기계,1094247,1856435,128.555109,36.70124517
2016,2016082204,45,야간,월,1,1,0,0,0,부산,금정구,차대사람,횡단중,횡단중,운전자법규위반,안전운전 의무 불이행,단일로,횡단보도상,화물차,소형,보행자,보행자,1144775,1696643,129.0914264,35.25477551
2016,2016082403,30,야간,수,1,1,0,0,0,강원,춘천시,차대사람,길가장자리구역통행중,길가장자리구역통행중,운전자법규위반,안전운전 의무 불이행,단일로,기타단일로,승용차,경형,보행자,보행자,1022193,1985329,127.7523218,37.86749989
2016,2016082209,40,주간,월,1,1,0,0,0,충남,홍성군,차대차,정면충돌,정면충돌,운전자법규위반,중앙선 침범,단일로,기타단일로,승용차,경형,화물차,소형,912739,1843322,126.5245811,36.58371644
2016,2016082819,40,야간,일,1,1,0,0,0,인천,계양구,차대사람,기타,기타,운전자법규위반,안전운전 의무 불이행,단일로,기타단일로,승용차,중형,보행자,보행자,933243,1951559,126.7442633,37.56082505
2016,2016082822,0,야간,일,1,1,0,0,0,경남,창원시(통합),차대사람,횡단중,횡단중,운전자법규위반,안전운전 의무 불이행,단일로,기타단일로,승용차,경형,보행자,보행자,1096885,1689208,128.5642252,35.19352329
2016,2016082809,59,주간,일,1,1,0,0,0,전북,순창군,차대차,측면직각충돌,측면직각충돌,운전자법규위반,신호위반,교차로,교차로내,이륜차,소형,승용차,대형,968008,1708118,127.147825,35.36819839
2016,2016090819,15,야간,목,1,1,0,0,0,경기,포천시,차대사람,횡단중,횡단중,운전자법규위반,과속,단일로,기타단일로,화물차,소형,보행자,보행자,974301,2011294,127.2068879,38.10142523
2016,2016072309,30,주간,토,1,1,0,0,0,경북,의성군,차대차,추돌,진행중 추돌,운전자법규위반,안전운전 의무 불이행,단일로,기타단일로,승용차,경형,농기계,농기계,1104535,1826370,128.6661831,36.42918661
2016,2016072304,15,야간,토,1,1,0,0,0,경북,칠곡군,차량단독,공작물충돌,공작물충돌,운전자법규위반,안전운전 의무 불이행,교차로,교차로부근,승용차,중형,,,1081619,1777247,128.4054515,35.98859103
2016,2016072301,45,야간,토,1,1,0,0,0,서울,강동구,차량단독,전도전복,전도전복,운전자법규위반,중앙선 침범,단일로,기타단일로,이륜차,대형,,,970437,1950608,127.1652972,37.55434357
2016,2016072810,0,주간,목,1,1,0,0,0,충남,부여군,차대차,측면직각충돌,측면직각충돌,운전자법규위반,중앙선 침범,단일로,기타단일로,이륜차,소형,화물차,소형,935165,1801306,126.7787497,36.20674562
2016,2016072704,20,야간,수,1,1,0,0,0,경기,고양시,차대차,추돌,진행중 추돌,운전자법규위반,안전운전 의무 불이행,단일로,기타단일로,승용차,소형,화물차,대형,932618,1961483,126.736146,37.6503668