발생년,발생년월일시,발생분,주야,요일,사망자수,사상자수,중상자수,경상자수,부상신고자수,발생지시도,발생지시군구,사고유형_대분류,사고유형_중분류,사고유형,법규위반_대분류,법규위반,도로형태_대분류,도로형태,당사자종별_1당_대분류,당사자종별_1당,당사자종별_2당_대분류,당사자종별_2당,발생위치X_UTMK,발생위치Y_UTMK,경도,위도
2016,2016071710,17,주간,일,2,5,1,2,0,경기,고양시,차대차,추돌,진행중 추돌,운전자법규위반,안전운전 의무 불이행,단일로,기타단일로,승용차,중형,승용차,중형,943294,1953518,126.8577811,37.57930043
2016,2016060805,10,야간,수,1,1,0,0,0,경기,광명시,차대차,기타,기타,운전자법규위반,과속,지하도로내,지하도로내,승용차,중형,이륜차,소형,946475,1937895,126.894943,37.43867851
2016,2016060710,59,주간,화,1,1,0,0,0,전남,해남군,차량단독,공작물충돌,공작물충돌,운전자법규위반,안전운전 의무 불이행,기타/불명,기타/불명,승용차,소형,,,911298,1613163,126.5336984,34.50863031
2016,2016060605,10,야간,월,1,1,0,0,0,경기,남양주시,차대사람,기타,기타,운전자법규위반,안전운전 의무 불이행,교차로,교차로부근,승합차,대형,보행자,보행자,978439,1961786,127.2555629,37.65531768
2016,2016061017,50,주간,금,1,1,0,0,0,경남,거창군,차대차,측면직각충돌,측면직각충돌,운전자법규위반,안전운전 의무 불이행,교차로,교차로내,원동기장치자전거,원동기장치자전거,특수차,대형,1038673,1744034,127.9274333,35.69179469
2016,2016061113,10,주간,토,1,3,0,2,0,서울,강서구,차대차,기타,기타,운전자법규위반,안전운전 의무 불이행,지하도로내,지하도로내,승용차,중형,승용차,중형,938834,1951533,126.8074387,37.56112422
2016,2016061723,11,야간,금,1,1,0,0,0,전남,여수시,차대차,기타,기타,운전자법규위반,보행자 보호의무 위반,단일로,기타단일로,승용차,중형,승용차,중형,1015108,1640669,127.6650843,34.76038873
2016,2016061922,43,야간,일,1,1,0,0,0,부산,수영구,차대사람,차도통행중,차도통행중,운전자법규위반,안전운전 의무 불이행,교차로,교차로부근,승용차,경형,보행자,보행자,1147258,1685399,129.1167006,35.15306535
2016,2016061902,53,야간,일,1,1,0,0,0,경남,남해군,차대사람,횡단중,횡단중,운전자법규위반,안전운전 의무 불이행,단일로,기타단일로,화물차,소형,보행자,보행자,1044249,1646804,127.9838225,34.81486269
2016,2016061809,50,주간,토,1,1,0,0,0,세종,세종,차대사람,기타,기타,운전자법규위반,보행자 보호의무 위반,교차로,교차로부근,건설기계,건설기계,보행자,보행자,976706,1837446,127.2397774,36.53445097
2016,2016062309,10,주간,목,1,1,0,0,0,경기,남양주시,차대차,기타,기타,운전자법규위반,안전운전 의무 불이행,교차로,교차로내,승용차,대형,자전거,자전거,969753,1961341,127.1571095,37.65106163
2016,2016062216,15,주간,수,1,1,0,0,0,서울,마포구,차대사람,차도통행중,차도통행중,운전자법규위반,안전운전 의무 불이행,단일로,기타단일로,화물차,소형,보행자,보행자,950254,1949923,126.9368462,37.54730073
2016,2016062502,15,야간,토,1,1,0,0,0,경기,수원시,차대사람,횡단중,횡단중,운전자법규위반,안전운전 의무 불이행,단일로,기타단일로,승용차,중형,보행자,보행자,955852,1923126,127.0018195,37.30605292
2016,2016070202,45,야간,토,1,1,0,0,0,서울,성북구,차량단독,공작물충돌,공작물충돌,운전자법규위반,안전운전 의무 불이행,교차로,교차로부근,이륜차,소형,,,959866,1956241,127.04531,37.60471536
2016,2016070908,30,주간,토,1,2,1,0,0,강원,강릉시,차대차,측면직각충돌,측면직각충돌,운전자법규위반,안전운전 의무 불이행,교차로,교차로내,승용차,중형,원동기장치자전거,원동기장치자전거,1117916,1982993,128.8400943,37.83909038
2016,2016071005,35,야간,일,1,4,0,3,0,인천,연수구,차대차,추돌,진행중 추돌,운전자법규위반,중앙선 침범,고가도로위,고가도로위,이륜차,대형,승용차,중형,927193,1935573,126.6772224,37.41643401
2016,2016070800,15,야간,금,1,1,0,0,0,서울,중랑구,차량단독,공작물충돌,공작물충돌,운전자법규위반,안전운전 의무 불이행,단일로,기타단일로,화물차,소형,,,963368,1957914,127.0851449,37.62018495
2016,2016070722,40,야간,목,1,1,0,0,0,경기,평택시,차량단독,전도전복,전도전복,운전자법규위반,안전운전 의무 불이행,교차로,교차로내,화물차,소형,,,961523,1885223,127.067759,36.96464868
2016,2016070712,0,주간,목,1,1,0,0,0,경북,안동시,차량단독,전도전복,전도전복,운전자법규위반,안전운전 의무 불이행,단일로,기타단일로,농기계,농기계,,,1120925,1838641,128.8509047,36.53785582
2016,2016022018,18,야간,토,1,1,0,0,0,제주,제주시,차대사람,기타,기타,운전자법규위반,안전운전 의무 불이행,단일로,기타단일로,승용차,중형,보행자,보행자,909675,1503083,126.5275854,33.51568807
2016,2016022323,59,야간,화,1,2,1,0,0,부산,남구,차대차,정면충돌,정면충돌,운전자법규위반,중앙선 침범,단일로,기타단일로,승용차,대형,승용차,대형,1144424,1684129,129.0848655,35.14158848
2016,2016022317,40,주간,화,1,1,0,0,0,인천,계양구,차대사람,횡단중,횡단중,운전자법규위반,보행자 보호의무 위반,교차로,교차로내,화물차,소형,보행자,보행자,932924,1947640,126.7408828,37.52562588
2016,2016022400,50,야간,수,1,1,0,0,0,경기,시흥시,차대차,추돌,진행중 추돌,운전자법규위반,과속,교차로,교차로부근,특수차,소형,화물차,소형,932126,1925470,126.7338912,37.32574994
2016,2016022406,30,주간,수,1,1,0,0,0,경남,김해시,차대사람,횡단중,횡단중,운전자법규위반,안전운전 의무 불이행,교차로,교차로내,승용차,소형,보행자,보행자,1125321,1695016,128.8773912,35.24273226
2016,2016022323,25,야간,화,1,1,0,0,0,서울,도봉구,차대사람,횡단중,횡단중,운전자법규위반,안전운전 의무 불이행,단일로,기타단일로,화물차,소형,보행자,보행자,958943,1961090,127.0345809,37.6483795
2016,2016022215,55,주간,월,1,1,0,0,0,서울,송파구,차대차,측면직각충돌,측면직각충돌,운전자법규위반,안전운전 의무 불이행,단일로,기타단일로,원동기장치자전거,원동기장치자전거,건설기계,건설기계,964699,1946035,127.1005546,37.51292329
2016,2016022213,10,주간,월,1,1,0,0,0,충남,보령시,차량단독,기타,기타,운전자법규위반,안전운전 의무 불이행,단일로,기타단일로,원동기장치자전거,원동기장치자전거,,,904153,1820073,126.4315009,36.37333424
2016,2016022914,30,주간,월,1,3,2,0,0,대구,중구,차대차,측면직각충돌,측면직각충돌,운전자법규위반,안전운전 의무 불이행,단일로,기타단일로,승용차,중형,승용차,중형,1098608,1763873,128.5922336,35.86646201
2016,2016022803,11,야간,일,1,1,0,0,0,부산,기장군,차량단독,도로이탈,도로이탈 추락,운전자법규위반,안전운전 의무 불이행,교차로,교차로내,승용차,중형,,,1155713,1688942,129.2120544,35.18836301
2016,2016022703,50,야간,토,1,1,0,0,0,전북,전주시,차량단독,공작물충돌,공작물충돌,운전자법규위반,안전운전 의무 불이행,교차로,교차로내,승용차,대형,,,964827,1755458,127.1107485,35.794926
2016,2016022706,50,주간,토,1,4,2,1,0,충북,괴산군,차량단독,전도전복,전도전복,운전자법규위반,안전운전 의무 불이행,단일로,기타단일로,승용차,중형,,,1042129,1862431,127.9720001,36.75903759
2016,2016020715,30,주간,일,1,1,0,0,0,경기,남양주시,차대사람,횡단중,횡단중,운전자법규위반,안전운전 의무 불이행,단일로,기타단일로,승합차,대형,보행자,보행자,971818,1968509,127.1802415,37.71573429
2016,2016021002,20,야간,수,1,1,0,0,0,경기,부천시,차대사람,횡단중,횡단중,운전자법규위반,안전운전 의무 불이행,교차로,교차로내,승용차,중형,보행자,보행자,936743,1942882,126.7845097,37.48301213
2016,2016021009,4,주간,수,1,1,0,0,0,서울,양천구,차대사람,차도통행중,차도통행중,운전자법규위반,안전운전 의무 불이행,단일로,기타단일로,승용차,경형,보행자,보행자,943666,1947811,126.8624322,37.52788594
2016,2016021004,50,야간,수,1,1,0,0,0,광주,광산구,차대사람,기타,기타,운전자법규위반,안전운전 의무 불이행,기타/불명,기타/불명,승합차,대형,보행자,보행자,934762,1681568,126.7839726,35.12719323
2016,2016021606,20,주간,화,1,1,0,0,0,전북,김제시,차대사람,횡단중,횡단중,운전자법규위반,안전운전 의무 불이행,단일로,기타단일로,승용차,중형,보행자,보행자,947003,1754411,126.9135715,35.78468612
2016,2016021907,30,주간,금,1,1,0,0,0,충남,당진시,차대차,측면직각충돌,측면직각충돌,운전자법규위반,안전운전 의무 불이행,교차로,교차로내,승용차,중형,자전거,자전거,926532,1875388,126.675662,36.87391836
2016,2016022002,30,야간,토,1,1,0,0,0,경기,부천시,차대사람,횡단중,횡단중,운전자법규위반,안전운전 의무 불이행,단일로,기타단일로,승용차,소형,보행자,보행자,933974,1945432,126.7529634,37.50580124
2016,2016022003,50,야간,토,1,1,0,0,0,경남,창원시(통합),차대차,기타,기타,운전자법규위반,안전운전 의무 불이행,단일로,기타단일로,승용차,중형,승용차,경형,1107504,1691418,128.6811362,35.21236579
2016,2016021718,40,야간,수,1,1,0,0,0,강원,춘천시,차대사람,횡단중,횡단중,운전자법규위반,안전운전 의무 불이행,단일로,기타단일로,승용차,중형,보행자,보행자,1018388,1991572,127.7092206,37.92385281
2016,2016021813,40,주간,목,1,1,0,0,0,충남,천안시,차대차,측면직각충돌,측면직각충돌,운전자법규위반,교차로 통행방법 위반,교차로,교차로내,승용차,중형,이륜차,소형,965264,1856480,127.1110975,36.70569128
2016,2016022317,10,주간,화,1,1,0,0,0,경북,영덕군,차량단독,공작물충돌,공작물충돌,운전자법규위반,안전운전 의무 불이행,단일로,기타단일로,화물차,대형,,,1171158,1850672,129.4145137,36.6385805
2016,2016022409,20,주간,수,1,1,0,0,0,경기,군포시,차대사람,횡단중,횡단중,운전자법규위반,보행자 보호의무 위반,단일로,횡단보도상,승용차,대형,보행자,보행자,948371,1925540,126.9172372,37.327426
2016,2016022410,50,주간,수,1,2,0,1,0,강원,삼척시,차대사람,기타,기타,운전자법규위반,과속,단일로,기타단일로,특수차,대형,보행자,보행자,1159519,1922104,129.2994709,37.28420844
2016,2016022218,37,야간,월,1,1,0,0,0,울산,울주군,차대사람,횡단중,횡단중,운전자법규위반,안전운전 의무 불이행,단일로,기타단일로,승용차,대형,보행자,보행자,1157017,1735124,129.2333601,35.59974836
2016,2016022823,20,야간,일,1,2,0,0,1,충남,논산시,차대차,추돌,진행중 추돌,운전자법규위반,안전운전 의무 불이행,단일로,교량위,화물차,소형,화물차,소형,973436,1796986,127.204629,36.16960695
2016,2016022808,40,주간,일,1,3,0,2,0,강원,철원군,차대차,측면직각충돌,측면직각충돌,운전자법규위반,과속,단일로,기타단일로,승용차,대형,승용차,대형,974661,2024885,127.21051,38.22392476
2016,2016022616,20,주간,금,1,2,0,1,0,경남,함안군,차대차,기타,기타,운전자법규위반,안전운전 의무 불이행,교차로,교차로부근,화물차,중형,화물차,중형,1092499,1701803,128.5174724,35.3074891
2016,2016030300,40,야간,목,1,1,0,0,0,서울,성동구,차대사람,기타,기타,운전자법규위반,안전운전 의무 불이행,교차로,교차로내,승용차,대형,보행자,보행자,958875,1950660,127.0343964,37.55436864
2016,2016021623,20,야간,화,1,2,0,1,0,경남,거제시,차대차,정면충돌,정면충돌,운전자법규위반,중앙선 침범,단일로,기타단일로,원동기장치자전거,원동기장치자전거,승용차,중형,1112432,1653911,128.7301887,34.87368925
2016,2016022017,10,주간,토,1,1,0,0,0,경남,창원시(통합),차대사람,횡단중,횡단중,운전자법규위반,안전운전 의무 불이행,단일로,기타단일로,화물차,소형,보행자,보행자,1100057,1695665,128.5998473,35.25142483
2016,2016022002,30,야간,토,1,1,0,0,0,대전,대덕구,차대차,기타,기타,운전자법규위반,안전운전 의무 불이행,단일로,기타단일로,승용차,중형,화물차,대형,991080,1818712,127.400568,36.36580152
2016,2016021813,18,주간,목,1,3,0,2,0,대구,북구,차대차,측면직각충돌,측면직각충돌,운전자법규위반,안전운전 의무 불이행,교차로,교차로내,원동기장치자전거,원동기장치자전거,승용차,경형,1098401,1765752,128.5901732,35.88342107
2016,2016021917,18,주간,금,1,1,0,0,0,전북,익산시,차대사람,횡단중,횡단중,운전자법규위반,안전운전 의무 불이행,단일로,기타단일로,승용차,대형,보행자,보행자,950238,1773365,126.9481827,35.95573933
2016,2016021822,20,야간,목,1,2,0,1,0,대전,유성구,차대사람,횡단중,횡단중,운전자법규위반,과속,단일로,기타단일로,승용차,중형,보행자,보행자,987027,1818016,127.3554006,36.35948069
2016,2016021701,55,야간,수,1,1,0,0,0,서울,노원구,차대사람,기타,기타,운전자법규위반,안전운전 의무 불이행,교차로,교차로내,승용차,중형,보행자,보행자,962172,1960623,127.0712079,37.64430906
2016,2016021818,46,야간,목,1,1,0,0,0,경북,의성군,차대차,정면충돌,정면충돌,운전자법규위반,중앙선 침범,단일로,기타단일로,화물차,소형,농기계,농기계,1095970,1822260,128.5701402,36.39303512
2016,2016021708,45,주간,수,1,1,0,0,0,경북,의성군,차대차,측면직각충돌,측면직각충돌,운전자법규위반,신호위반,교차로,교차로내,이륜차,사발이,화물차,소형,1076607,1828163,128.3548351,36.44798585
2016,2016022311,50,주간,화,1,1,0,0,0,충북,충주시,차량단독,전도전복,전도전복,운전자법규위반,안전운전 의무 불이행,기타/불명,기타/불명,승합차,경형,,,1041472,1900381,127.9667205,37.10115687
2016,2016022023,21,야간,토,1,1,0,0,0,인천,연수구,차대사람,횡단중,횡단중,운전자법규위반,안전운전 의무 불이행,단일로,기타단일로,승용차,중형,보행자,보행자,929014,1936317,126.6977278,37.42328104
2016,2016022210,40,주간,월,1,2,0,1,0,경남,거제시,차대차,추돌,진행중 추돌,운전자법규위반,안전거리 미확보,단일로,기타단일로,화물차,경형,화물차,경형,1099378,1651623,128.5871095,34.85442179
2016,2016030803,43,야간,화,1,1,0,0,0,경남,창녕군,차대사람,횡단중,횡단중,운전자법규위반,안전운전 의무 불이행,단일로,기타단일로,승용차,대형,보행자,보행자,1088800,1711088,128.4777978,35.39153446
2016,2016030523,40,야간,토,1,1,0,0,0,부산,사하구,차대사람,기타,기타,운전자법규위반,안전운전 의무 불이행,단일로,기타단일로,승용차,중형,보행자,보행자,1134510,1680120,128.9759285,35.10726569
2016,2016030719,0,야간,월,1,1,0,0,0,충남,청양군,차대사람,기타,기타,운전자법규위반,안전운전 의무 불이행,단일로,기타단일로,승용차,중형,보행자,보행자,937106,1820401,126.798802,36.37901191
2016,2016030711,35,주간,월,1,1,0,0,0,강원,속초시,차량단독,도로이탈,도로이탈 추락,운전자법규위반,안전운전 의무 불이행,단일로,기타단일로,건설기계,건설기계,,,1090018,2020536,128.5278056,38.18058765
2016,2016021518,47,야간,월,1,1,0,0,0,전남,함평군,차대사람,차도통행중,차도통행중,운전자법규위반,과속,단일로,기타단일로,승합차,중형,보행자,보행자,917097,1689092,126.5893519,35.19372968
2016,2016021006,30,주간,수,1,1,0,0,0,경남,거제시,차대사람,횡단중,횡단중,운전자법규위반,안전운전 의무 불이행,단일로,기타단일로,화물차,소형,보행자,보행자,1101339,1655549,128.6090329,34.88962474
2016,2016021613,41,주간,화,1,1,0,0,0,경남,밀양시,차량단독,전도전복,전도전복,운전자법규위반,안전운전 의무 불이행,단일로,기타단일로,원동기장치자전거,원동기장치자전거,,,1112186,1722070,128.7367721,35.48817533
2016,2016021608,7,주간,화,1,5,2,2,0,전남,장성군,차대차,측면직각충돌,측면직각충돌,운전자법규위반,중앙선 침범,단일로,기타단일로,승용차,경형,승용차,경형,922317,1698278,126.6458173,35.27696904
2016,2016021707,30,주간,수,1,3,0,2,0,대구,달서구,차대차,추돌,진행중 추돌,운전자법규위반,신호위반,단일로,기타단일로,승용차,중형,승용차,소형,1096228,1761859,128.5656326,35.84854338
2016,2016021719,17,야간,수,1,1,0,0,0,경기,안양시,차대사람,기타,기타,운전자법규위반,안전운전 의무 불이행,단일로,기타단일로,승용차,중형,보행자,보행자,950601,1934191,126.9418299,37.40552259
2016,2016021815,50,주간,목,1,1,0,0,0,경북,청도군,차량단독,도로이탈,도로이탈 추락,운전자법규위반,안전운전 의무 불이행,단일로,기타단일로,농기계,농기계,,,1110599,1733380,128.7208243,35.59030834
2016,2016022504,45,야간,목,1,1,0,0,0,경남,김해시,차량단독,전도전복,전도전복,운전자법규위반,안전운전 의무 불이행,단일로,기타단일로,이륜차,소형,,,1120347,1686592,128.8215047,35.16740198
2016,2016022821,45,야간,일,1,1,0,0,0,충북,제천시,차량단독,전도전복,전도전복,운전자법규위반,안전운전 의무 불이행,기타/불명,기타/불명,화물차,소형,,,1062609,1898150,128.2043937,37.07987273
2016,2016022916,45,주간,월,1,1,0,0,0,경북,상주시,차량단독,공작물충돌,공작물충돌,운전자법규위반,안전운전 의무 불이행,단일로,기타단일로,화물차,소형,,,1045446,1819278,128.0066148,36.36987146
2016,2016020713,43,주간,일,1,2,0,1,0,경남,함안군,차대차,측면직각충돌,측면직각충돌,운전자법규위반,안전운전 의무 불이행,교차로,교차로내,화물차,소형,자전거,자전거,1085323,1705482,128.4389309,35.34129635
2016,2016022719,45,야간,토,1,1,0,0,0,충북,청주시,차대사람,길가장자리구역통행중,길가장자리구역통행중,운전자법규위반,안전운전 의무 불이행,단일로,기타단일로,승합차,소형,보행자,보행자,999791,1842733,127.4976638,36.58239767
2016,2016022701,0,야간,토,1,1,0,0,0,서울,마포구,차대사람,횡단중,횡단중,운전자법규위반,과속,단일로,횡단보도상,승용차,경형,보행자,보행자,951976,1950495,126.956302,37.55254763
2016,2016022707,35,주간,토,2,9,7,0,0,경기,가평군,차대차,측면직각충돌,측면직각충돌,운전자법규위반,신호위반,교차로,교차로내,승용차,소형,화물차,소형,989781,1966445,127.3841834,37.69760391
2016,2016022523,30,야간,목,1,1,0,0,0,대구,동구,차대사람,횡단중,횡단중,운전자법규위반,안전운전 의무 불이행,단일로,기타단일로,승용차,대형,보행자,보행자,1106237,1765202,128.6768981,35.87764402
2016,2016022604,40,야간,금,1,1,0,0,0,경남,창원시(통합),차량단독,도로이탈,도로이탈 추락,운전자법규위반,안전운전 의무 불이행,단일로,기타단일로,화물차,소형,,,1106333,1708590,128.6704995,35.36729835
2016,2016030215,35,주간,수,1,1,0,0,0,경북,안동시,차량단독,전도전복,전도전복,운전자법규위반,안전운전 의무 불이행,기타/불명,기타/불명,승용차,소형,,,1113044,1842886,128.7635056,36.57708034
2016,2016030601,30,야간,일,1,1,0,0,0,경남,함안군,차량단독,전도전복,전도전복,운전자법규위반,안전운전 의무 불이행,단일로,기타단일로,승용차,소형,,,1079010,1698070,128.3687526,35.27498981
2016,2016030503,20,야간,토,1,1,0,0,0,서울,강동구,차대차,기타,기타,운전자법규위반,안전운전 의무 불이행,기타/불명,기타/불명,승용차,대형,이륜차,중형,968277,1951532,127.1408028,37.5626001
2016,2016030604,20,야간,일,1,1,0,0,0,서울,강동구,차대사람,횡단중,횡단중,운전자법규위반,안전운전 의무 불이행,단일로,횡단보도상,승용차,중형,보행자,보행자,968946,1948631,127.1485005,37.53647497
2016,2016030222,30,야간,수,1,1,0,0,0,강원,양구군,차대사람,차도통행중,차도통행중,운전자법규위반,안전운전 의무 불이행,단일로,기타단일로,화물차,소형,보행자,보행자,1045882,2010336,128.0232425,38.09199169
2016,2016021512,27,주간,월,1,1,0,0,0,경기,평택시,차대차,정면충돌,정면충돌,운전자법규위반,신호위반,교차로,교차로내,이륜차,소형,승용차,중형,960773,1896583,127.0587423,37.06701832
2016,2016021607,53,주간,화,1,1,0,0,0,강원,강릉시,차대차,측면직각충돌,측면직각충돌,운전자법규위반,신호위반,교차로,교차로내,건설기계,건설기계,승용차,중형,1128541,1970730,128.9586374,37.7271613
2016,2016021603,48,야간,화,1,1,0,0,0,전북,김제시,차량단독,전도전복,전도전복,운전자법규위반,안전운전 의무 불이행,단일로,기타단일로,건설기계,건설기계,,,946131,1765729,126.9031592,35.88667839
2016,2016021301,5,야간,토,1,1,0,0,0,서울,강서구,차대차,정면충돌,정면충돌,운전자법규위반,신호위반,교차로,교차로내,승용차,경형,이륜차,소형,941908,1949013,126.8424419,37.53861051
2016,2016021805,40,야간,목,1,1,0,0,0,대전,중구,차대사람,횡단중,횡단중,운전자법규위반,안전운전 의무 불이행,교차로,교차로내,승용차,중형,보행자,보행자,990998,1814422,127.3997036,36.32712466
2016,2016022409,7,주간,수,1,1,0,0,0,경남,함안군,차대차,측면직각충돌,측면직각충돌,운전자법규위반,안전운전 의무 불이행,교차로,교차로부근,이륜차,소형,승합차,경형,1075468,1706755,128.3306106,35.35356736
2016,2016022819,36,야간,일,1,1,0,0,0,경북,영덕군,차대사람,횡단중,횡단중,운전자법규위반,안전운전 의무 불이행,교차로,교차로내,승용차,중형,보행자,보행자,1155482,1829567,129.2349878,36.45109273
2016,2016030501,10,야간,토,1,1,0,0,0,경북,경산시,차대사람,기타,기타,운전자법규위반,안전운전 의무 불이행,단일로,기타단일로,승용차,중형,보행자,보행자,1111850,1758840,128.7381746,35.81967132
2016,2016030511,5,주간,토,1,1,0,0,0,전북,부안군,차대차,정면충돌,정면충돌,운전자법규위반,안전운전 의무 불이행,단일로,기타단일로,이륜차,소형,화물차,대형,924660,1737397,126.6679547,35.62983787
2016,2016030215,5,주간,수,1,1,0,0,0,강원,평창군,차량단독,전도전복,전도전복,운전자법규위반,안전운전 의무 불이행,단일로,교량위,승용차,중형,,,1087557,1939910,128.4899583,37.45424339
2016,2016030216,50,주간,수,1,1,0,0,0,서울,강서구,차대사람,기타,기타,운전자법규위반,안전운전 의무 불이행,교차로,교차로내,건설기계,건설기계,보행자,보행자,939636,1950494,126.8166044,37.55181269
2016,2016030219,0,야간,수,1,1,0,0,0,전북,부안군,차대차,기타,기타,운전자법규위반,안전운전 의무 불이행,단일로,기타단일로,승용차,중형,화물차,소형,921786,1735310,126.6364201,35.61079915
2016,2016030114,40,주간,화,1,3,2,0,0,경북,봉화군,차대차,정면충돌,정면충돌,운전자법규위반,중앙선 침범,단일로,기타단일로,승용차,경형,화물차,소형,1131948,1888962,128.982718,36.98987933
2016,2016030117,25,주간,화,1,1,0,0,0,충남,서천군,차대차,추돌,진행중 추돌,운전자법규위반,안전운전 의무 불이행,교차로,교차로내,승용차,중형,자전거,자전거,926849,1787739,126.6875095,36.0838484
2016,2016030208,5,주간,수,1,1,0,0,0,경기,과천시,차대차,기타,기타,운전자법규위반,안전거리 미확보,단일로,기타단일로,이륜차,중형,승합차,대형,954938,1939660,126.9904987,37.45503814
2016,2016021612,26,주간,화,1,1,0,0,0,경북,안동시,차량단독,전도전복,전도전복,운전자법규위반,안전운전 의무 불이행,단일로,기타단일로,승용차,경형,,,1086542,1837509,128.4667298,36.53138463
2016,2016021316,40,주간,토,1,3,2,0,0,경북,청도군,차대차,측면직각충돌,측면직각충돌,운전자법규위반,중앙선 침범,단일로,기타단일로,승합차,중형,승용차,중형,1097789,1737112,128.5798997,35.62530134
2016,2016031722,50,야간,목,1,2,1,0,0,광주,북구,차대사람,횡단중,횡단중,운전자법규위반,안전운전 의무 불이행,교차로,교차로부근,승용차,중형,보행자,보행자,942898,1689356,126.8727262,35.1979096
2016,2016032323,20,야간,수,1,1,0,0,0,경기,김포시,차대사람,횡단중,횡단중,운전자법규위반,과속,교차로,교차로부근,승용차,중형,보행자,보행자,922074,1965312,126.6162204,37.68404058
2016,2016032308,20,주간,수,1,1,0,0,0,경북,영덕군,차대사람,기타,기타,운전자법규위반,안전운전 의무 불이행,단일로,기타단일로,화물차,대형,보행자,보행자,1169837,1843200,129.398094,36.5714938
2016,2016032121,15,야간,월,1,1,0,0,0,충남,아산시,차대사람,횡단중,횡단중,운전자법규위반,안전운전 의무 불이행,단일로,교량위,승용차,중형,보행자,보행자,958223,1864163,127.0318486,36.77466625
2016,2016032508,34,주간,금,1,1,0,0,0,서울,양천구,차대사람,횡단중,횡단중,운전자법규위반,안전운전 의무 불이행,단일로,기타단일로,승용차,중형,보행자,보행자,940584,1948701,126.8274814,37.53571405
2016,2016032509,35,주간,금,1,3,1,1,0,경북,성주군,차대차,추돌,진행중 추돌,운전자법규위반,안전운전 의무 불이행,기타/불명,기타/불명,화물차,대형,승용차,소형,1078043,1764199,128.3645032,35.8712559
2016,2016033119,0,야간,목,1,1,0,0,0,인천,강화군,차량단독,전도전복,전도전복,운전자법규위반,안전운전 의무 불이행,단일로,기타단일로,이륜차,소형,,,912492,1975066,126.5063888,37.77107886
2016,2016040104,40,야간,금,1,1,0,0,0,경기,동두천시,차대사람,기타,기타,운전자법규위반,안전운전 의무 불이행,단일로,기타단일로,화물차,중형,보행자,보행자,961915,1997218,127.0663702,37.97412681
2016,2016033104,52,야간,목,1,1,0,0,0,인천,동구,차대사람,횡단중,횡단중,운전자법규위반,신호위반,단일로,횡단보도상,건설기계,건설기계,보행자,보행자,923388,1942279,126.6335305,37.47656623
2016,2016033021,38,야간,수,1,1,0,0,0,경북,포항시,차대사람,횡단중,횡단중,운전자법규위반,안전운전 의무 불이행,단일로,기타단일로,승용차,경형,보행자,보행자,1165141,1785725,129.3334654,36.05442133
2016,2016040110,0,주간,금,1,1,0,0,0,강원,삼척시,차대사람,횡단중,횡단중,운전자법규위반,보행자 보호의무 위반,교차로,교차로부근,건설기계,건설기계,보행자,보행자,1152766,1932772,129.2255228,37.38145872
2016,2016040103,40,야간,금,1,1,0,0,0,경기,안산시,차대사람,횡단중,횡단중,운전자법규위반,안전운전 의무 불이행,교차로,교차로내,화물차,소형,보행자,보행자,941224,1924384,126.8366616,37.31658178
2016,2016040100,0,야간,금,1,1,0,0,0,경기,안산시,차대사람,횡단중,횡단중,운전자법규위반,과속,단일로,기타단일로,승용차,소형,보행자,보행자,940076,1924465,126.8236997,37.31723852
2016,2016033004,46,야간,수,1,1,0,0,0,경북,영주시,차량단독,전도전복,전도전복,운전자법규위반,안전운전 의무 불이행,단일로,기타단일로,화물차,소형,,,1095960,1880997,128.5773813,36.92245399
2016,2016032923,30,야간,화,1,1,0,0,0,광주,북구,차량단독,공작물충돌,공작물충돌,운전자법규위반,안전운전 의무 불이행,단일로,기타단일로,승용차,중형,,,942398,1691141,126.867109,35.21397563
2016,2016033014,0,주간,수,1,1,0,0,0,울산,울주군,차대차,측면직각충돌,측면직각충돌,운전자법규위반,안전운전 의무 불이행,단일로,기타단일로,승용차,중형,원동기장치자전거,원동기장치자전거,1150143,1725612,129.1557404,35.51508582
2016,2016032820,25,야간,월,1,1,0,0,0,경기,안산시,차대차,측면직각충돌,측면직각충돌,운전자법규위반,부당한 회전,교차로,교차로내,자전거,자전거,승용차,중형,936676,1925541,126.7852382,37.32671125
2016,2016032811,20,주간,월,1,1,0,0,0,충북,청주시,차대사람,횡단중,횡단중,운전자법규위반,안전운전 의무 불이행,교차로,교차로내,화물차,대형,보행자,보행자,990061,1850717,127.3887972,36.65432162
2016,2016040304,40,야간,일,1,1,0,0,0,충북,진천군,차량단독,도로이탈,도로이탈 추락,운전자법규위반,안전운전 의무 불이행,단일로,기타단일로,화물차,중형,,,992432,1874862,127.4150856,36.87200529
2016,2016031002,3,야간,목,1,1,0,0,0,울산,남구,차대차,정면충돌,정면충돌,운전자법규위반,중앙선 침범,단일로,교량위,승용차,경형,화물차,대형,1159840,1729674,129.2634338,35.55017912
2016,2016031010,30,주간,목,1,1,0,0,0,전남,진도군,차량단독,공작물충돌,공작물충돌,운전자법규위반,안전운전 의무 불이행,단일로,기타단일로,승용차,경형,,,879497,1608276,126.1880245,34.46133903
2016,2016031600,30,야간,수,1,1,0,0,0,대구,달성군,차량단독,전도전복,전도전복,운전자법규위반,안전운전 의무 불이행,단일로,기타단일로,승용차,중형,,,1084270,1754160,128.431998,35.77993115