발생년,발생년월일시,발생분,주야,요일,사망자수,사상자수,중상자수,경상자수,부상신고자수,발생지시도,발생지시군구,사고유형_대분류,사고유형_중분류,사고유형,법규위반_대분류,법규위반,도로형태_대분류,도로형태,당사자종별_1당_대분류,당사자종별_1당,당사자종별_2당_대분류,당사자종별_2당,발생위치X_UTMK,발생위치Y_UTMK,경도,위도
2016,2016031608,32,주간,수,1,1,0,0,0,강원,삼척시,차량단독,전도전복,전도전복,운전자법규위반,안전운전 의무 불이행,기타/불명,기타/불명,농기계,농기계,,,1153684,1927321,129.2347565,37.33219489
2016,2016031819,45,야간,금,1,1,0,0,0,경기,화성시,차대차,측면직각충돌,측면직각충돌,운전자법규위반,안전운전 의무 불이행,교차로,교차로부근,승용차,대형,이륜차,소형,962021,1911910,127.0720029,37.20522684
2016,2016032001,53,야간,일,1,1,0,0,0,전남,목포시,차대사람,횡단중,횡단중,운전자법규위반,보행자 보호의무 위반,단일로,횡단보도상,승용차,경형,보행자,보행자,899105,1646949,126.3968608,34.81213149
2016,2016031919,50,야간,토,1,1,0,0,0,충남,보령시,차대사람,횡단중,횡단중,운전자법규위반,과속,단일로,횡단보도상,화물차,소형,보행자,보행자,919763,1817329,126.6057827,36.35002866
2016,2016031819,40,야간,금,1,1,0,0,0,충남,예산군,차대사람,차도통행중,차도통행중,운전자법규위반,안전운전 의무 불이행,교차로,교차로내,화물차,소형,보행자,보행자,929083,1860889,126.7056339,36.74342163
2016,2016031800,50,야간,금,1,1,0,0,0,광주,북구,차량단독,전도전복,전도전복,운전자법규위반,안전운전 의무 불이행,단일로,기타단일로,승용차,경형,,,944597,1686114,126.8914196,35.16885846
2016,2016032408,30,주간,목,1,1,0,0,0,강원,고성군,차량단독,전도전복,전도전복,운전자법규위반,안전운전 의무 불이행,교차로,교차로부근,농기계,농기계,,,1080512,2052384,128.4229141,38.46847719
2016,2016032320,10,야간,수,1,1,0,0,0,경기,화성시,차량단독,공작물충돌,공작물충돌,운전자법규위반,안전운전 의무 불이행,단일로,기타단일로,승용차,대형,,,958427,1912849,127.0314499,37.21353755
2016,2016032109,35,주간,월,1,2,1,0,0,경북,군위군,차대차,추돌,진행중 추돌,운전자법규위반,안전운전 의무 불이행,교차로,교차로부근,화물차,소형,농기계,농기계,1090206,1808807,128.5043184,36.27232764
2016,2016032112,40,주간,월,1,1,0,0,0,전남,순천시,차대차,기타,기타,운전자법규위반,안전운전 의무 불이행,단일로,기타단일로,승용차,중형,자전거,자전거,999858,1661232,127.4984449,34.94593077
2016,2016032713,45,주간,일,1,1,0,0,0,강원,춘천시,차량단독,전도전복,전도전복,운전자법규위반,안전운전 의무 불이행,단일로,기타단일로,이륜차,소형,,,1015099,1980971,127.6715765,37.82836605
2016,2016032602,20,야간,토,1,1,0,0,0,서울,용산구,차대사람,횡단중,횡단중,운전자법규위반,안전운전 의무 불이행,단일로,교량위,승용차,중형,보행자,보행자,956034,1949553,127.0022989,37.54425976
2016,2016032411,0,주간,목,1,1,0,0,0,충남,천안시,차대사람,횡단중,횡단중,운전자법규위반,안전운전 의무 불이행,단일로,기타단일로,화물차,소형,보행자,보행자,967566,1878426,127.1359348,36.90360588
2016,2016040103,0,야간,금,1,1,0,0,0,경북,의성군,차대차,정면충돌,정면충돌,운전자법규위반,안전운전 의무 불이행,단일로,기타단일로,승용차,경형,승용차,경형,1113124,1826072,128.7619375,36.42552645
2016,2016033022,22,야간,수,1,1,0,0,0,경남,창원시(통합),차대사람,횡단중,횡단중,운전자법규위반,안전운전 의무 불이행,단일로,횡단보도상,승용차,경형,보행자,보행자,1098859,1694770,128.5865731,35.24347497
2016,2016033115,0,주간,목,1,2,0,1,0,경남,고성군,차대차,정면충돌,정면충돌,운전자법규위반,중앙선 침범,단일로,기타단일로,화물차,소형,특수차,중형,1073776,1661139,128.3079145,34.94240557
2016,2016032908,40,주간,화,1,3,0,2,0,전남,영암군,차대차,추돌,진행중 추돌,운전자법규위반,안전운전 의무 불이행,교차로,교차로부근,화물차,소형,승합차,경형,925518,1645547,126.6857422,34.80176526
2016,2016040721,40,야간,목,1,1,0,0,0,경기,평택시,차대사람,기타,기타,운전자법규위반,안전운전 의무 불이행,단일로,기타단일로,승용차,중형,보행자,보행자,961410,1902787,127.0655885,37.12296777
2016,2016031117,50,주간,금,1,1,0,0,0,경북,성주군,차대차,측면직각충돌,측면직각충돌,운전자법규위반,안전운전 의무 불이행,교차로,교차로내,자전거,자전거,승용차,경형,1078039,1764200,128.364459,35.87126523
2016,2016030909,40,주간,수,1,1,0,0,0,서울,강북구,차대사람,횡단중,횡단중,운전자법규위반,중앙선 침범,단일로,기타단일로,승용차,중형,보행자,보행자,957486,1958657,127.0182066,37.62638422
2016,2016022218,45,야간,월,1,1,0,0,0,경남,거창군,차대차,기타,기타,운전자법규위반,중앙선 침범,단일로,기타단일로,화물차,중형,화물차,중형,1029984,1750499,127.8316413,35.75038718
2016,2016022120,10,야간,일,1,1,0,0,0,경북,영양군,차량단독,전도전복,전도전복,운전자법규위반,안전운전 의무 불이행,단일로,기타단일로,승용차,경형,,,1141519,1839682,129.0810866,36.54440945
2016,2016022205,15,야간,월,1,1,0,0,0,서울,구로구,차대사람,횡단중,횡단중,운전자법규위반,안전운전 의무 불이행,단일로,횡단보도상,승용차,중형,보행자,보행자,941577,1943689,126.8391188,37.49060414
2016,2016022620,10,야간,금,1,1,0,0,0,경북,의성군,차대차,기타,기타,운전자법규위반,안전운전 의무 불이행,단일로,기타단일로,불명,불명,이륜차,사발이,1076886,1836306,128.3587579,36.52136613
2016,2016022818,37,야간,일,1,1,0,0,0,경남,창원시(통합),차대사람,횡단중,횡단중,운전자법규위반,안전운전 의무 불이행,단일로,기타단일로,화물차,소형,보행자,보행자,1096095,1686402,128.5552218,35.16830135
2016,2016022712,35,주간,토,1,1,0,0,0,경기,성남시,차대사람,횡단중,횡단중,운전자법규위반,보행자 보호의무 위반,교차로,교차로부근,건설기계,건설기계,보행자,보행자,968060,1938283,127.1389213,37.44317297
2016,2016030504,23,야간,토,1,1,0,0,0,경기,의정부시,차량단독,전도전복,전도전복,운전자법규위반,안전운전 의무 불이행,단일로,기타단일로,승용차,중형,,,963889,1970406,127.0901852,37.73255382
2016,2016030502,5,야간,토,1,1,0,0,0,인천,서구,차대사람,기타,기타,운전자법규위반,안전운전 의무 불이행,단일로,기타단일로,승용차,경형,보행자,보행자,926820,1945629,126.6719493,37.50648601
2016,2016030516,30,주간,토,1,1,0,0,0,전북,김제시,차량단독,전도전복,전도전복,운전자법규위반,안전운전 의무 불이행,단일로,기타단일로,승합차,소형,,,936833,1757399,126.8008081,35.81102324
2016,2016030504,7,야간,토,1,3,1,1,0,경기,안산시,차대차,정면충돌,정면충돌,운전자법규위반,중앙선 침범,단일로,기타단일로,승용차,소형,승용차,중형,941248,1925719,126.8368267,37.3286161
2016,2016030500,45,야간,토,1,1,0,0,0,인천,계양구,차대사람,기타,기타,운전자법규위반,안전운전 의무 불이행,단일로,기타단일로,승용차,중형,보행자,보행자,930710,1949696,126.7156344,37.54399243
2016,2016020920,42,야간,화,1,2,0,1,0,전남,고흥군,차대사람,기타,기타,운전자법규위반,안전운전 의무 불이행,교차로,교차로내,승용차,소형,보행자,보행자,985934,1647645,127.3461848,34.82331124
2016,2016020911,15,주간,화,1,1,0,0,0,경기,양평군,차량단독,전도전복,전도전복,운전자법규위반,안전운전 의무 불이행,단일로,기타단일로,이륜차,사발이,,,1010898,1938763,127.623209,37.44798689
2016,2016021001,42,야간,수,1,3,1,1,0,경기,광주시,차량단독,공작물충돌,공작물충돌,운전자법규위반,과속,단일로,기타단일로,승용차,중형,,,979748,1932090,127.2712217,37.38768078
2016,2016020923,45,야간,화,1,1,0,0,0,전북,고창군,차량단독,전도전복,전도전복,운전자법규위반,안전운전 의무 불이행,교차로,교차로부근,화물차,경형,,,922995,1709517,126.6522143,35.37835186
2016,2016021606,20,주간,화,1,1,0,0,0,인천,서구,차대사람,기타,기타,운전자법규위반,안전운전 의무 불이행,단일로,기타단일로,화물차,중형,보행자,보행자,926014,1956292,126.6618145,37.60307441
2016,2016021606,0,주간,화,1,1,0,0,0,경북,봉화군,차량단독,전도전복,전도전복,운전자법규위반,안전운전 의무 불이행,단일로,기타단일로,화물차,소형,,,1123357,1874694,128.8838798,36.86246401
2016,2016022019,11,야간,토,1,1,0,0,0,충북,영동군,차대사람,횡단중,횡단중,운전자법규위반,안전운전 의무 불이행,단일로,기타단일로,승용차,중형,보행자,보행자,1037282,1803252,127.9148423,36.2257442
2016,2016021906,23,주간,금,1,1,0,0,0,광주,동구,차대차,기타,기타,운전자법규위반,안전운전 의무 불이행,기타/불명,기타/불명,승용차,중형,승용차,중형,948030,1681811,126.9291672,35.13112185
2016,2016021918,30,야간,금,1,1,0,0,0,경기,용인시,차대사람,횡단중,횡단중,운전자법규위반,안전운전 의무 불이행,단일로,기타단일로,승용차,중형,보행자,보행자,970279,1926387,127.1644847,37.3360202
2016,2016021618,30,야간,화,1,1,0,0,0,전남,광양시,차대사람,횡단중,횡단중,운전자법규위반,안전운전 의무 불이행,단일로,기타단일로,승용차,경형,보행자,보행자,1016254,1660341,127.677988,34.93776578
2016,2016022319,55,야간,화,1,1,0,0,0,경기,포천시,차대사람,횡단중,횡단중,운전자법규위반,안전운전 의무 불이행,단일로,교량위,승용차,경형,보행자,보행자,973269,1983355,127.1961573,37.84958638
2016,2016022220,40,야간,월,1,1,0,0,0,경기,수원시,차대사람,차도통행중,차도통행중,운전자법규위반,안전운전 의무 불이행,단일로,기타단일로,승합차,대형,보행자,보행자,960971,1919165,127.0597904,37.27057862
2016,2016022507,25,주간,목,1,1,0,0,0,경기,김포시,차대차,측면직각충돌,측면직각충돌,운전자법규위반,신호위반,교차로,교차로내,화물차,중형,승합차,대형,919688,1966510,126.5890312,37.69463135
2016,2016022618,40,야간,금,1,17,9,7,0,경북,포항시,차대차,측면직각충돌,측면직각충돌,운전자법규위반,안전운전 의무 불이행,교차로,교차로내,화물차,대형,승합차,대형,1166135,1793345,129.3461015,36.12291682
2016,2016030419,0,야간,금,1,2,0,1,0,경북,울진군,차대차,측면직각충돌,측면직각충돌,운전자법규위반,안전운전 의무 불이행,단일로,기타단일로,승용차,중형,승용차,중형,1170007,1889795,129.4103879,36.99127355
2016,2016030519,13,야간,토,1,1,0,0,0,경북,예천군,차대사람,차도통행중,차도통행중,운전자법규위반,안전운전 의무 불이행,단일로,기타단일로,승용차,중형,보행자,보행자,1084084,1838469,128.4393804,36.54025738
2016,2016030511,50,주간,토,1,1,0,0,0,경북,군위군,차대사람,횡단중,횡단중,운전자법규위반,안전운전 의무 불이행,단일로,기타단일로,화물차,소형,보행자,보행자,1098560,1795579,128.5956502,36.1522737
2016,2016020811,40,주간,월,1,7,4,2,0,경북,경주시,차대차,기타,기타,운전자법규위반,중앙선 침범,단일로,기타단일로,화물차,소형,승용차,중형,1144470,1762413,129.099811,35.84761239
2016,2016021721,45,야간,수,1,1,0,0,0,서울,노원구,차대차,정면충돌,정면충돌,운전자법규위반,중앙선 침범,단일로,기타단일로,승용차,경형,승용차,경형,964484,1959005,127.0974932,37.62981799
2016,2016022216,30,주간,월,1,1,0,0,0,경북,성주군,차대차,정면충돌,정면충돌,운전자법규위반,안전운전 의무 불이행,단일로,기타단일로,화물차,소형,자전거,자전거,1080297,1767507,128.3898023,35.90089534
2016,2016022222,35,야간,월,1,1,0,0,0,경남,합천군,차량단독,공작물충돌,공작물충돌,운전자법규위반,안전운전 의무 불이행,단일로,기타단일로,승용차,경형,,,1060343,1745252,128.1670205,35.70168731
2016,2016022904,20,야간,월,1,2,0,1,0,인천,서구,차대차,측면직각충돌,측면직각충돌,운전자법규위반,신호위반,교차로,교차로내,승용차,경형,승합차,경형,925435,1955042,126.655383,37.59176197
2016,2016022704,48,야간,토,1,1,0,0,0,대구,서구,차대사람,횡단중,횡단중,운전자법규위반,안전운전 의무 불이행,단일로,횡단보도상,화물차,소형,보행자,보행자,1095225,1764506,128.5548557,35.87244436
2016,2016022700,50,야간,토,1,1,0,0,0,충북,진천군,차대차,추돌,진행중 추돌,운전자법규위반,안전운전 의무 불이행,지하도로내,지하도로내,승용차,경형,화물차,소형,1003884,1878488,127.5478042,36.91610916
2016,2016022523,37,야간,목,1,1,0,0,0,서울,도봉구,차대사람,기타,기타,운전자법규위반,안전운전 의무 불이행,단일로,기타단일로,승용차,중형,보행자,보행자,959936,1965624,127.0455881,37.68928887
2016,2016031023,30,야간,목,1,1,0,0,0,경북,안동시,차량단독,전도전복,전도전복,운전자법규위반,안전운전 의무 불이행,단일로,기타단일로,승용차,중형,,,1124854,1839966,128.8950002,36.54929208
2016,2016031111,25,주간,금,1,7,6,0,0,경기,안산시,차대차,측면직각충돌,측면직각충돌,운전자법규위반,직진 및 우회전차의 통행방해,교차로,교차로내,승합차,소형,특수차,소형,920687,1915989,126.6058016,37.23939229
2016,2016031017,10,주간,목,1,1,0,0,0,서울,관악구,차대사람,길가장자리구역통행중,길가장자리구역통행중,운전자법규위반,안전운전 의무 불이행,교차로,교차로부근,승합차,소형,보행자,보행자,952012,1942492,126.9572322,37.48041658
2016,2016021718,40,야간,수,1,1,0,0,0,전북,김제시,차대사람,횡단중,횡단중,운전자법규위반,안전운전 의무 불이행,단일로,기타단일로,승용차,소형,보행자,보행자,952295,1750530,126.9835583,35.74336853
2016,2016022320,10,야간,화,1,2,0,1,0,경북,김천시,차대차,정면충돌,정면충돌,운전자법규위반,중앙선 침범,단일로,교량위,화물차,소형,승용차,대형,1060064,1797817,128.167912,36.17560021
2016,2016020619,0,야간,토,1,1,0,0,0,대전,대덕구,차대사람,횡단중,횡단중,운전자법규위반,안전운전 의무 불이행,교차로,교차로내,승용차,중형,보행자,보행자,993787,1818568,127.4307443,36.36452461
2016,2016021604,34,야간,화,1,1,0,0,0,전남,목포시,차대사람,횡단중,횡단중,운전자법규위반,안전운전 의무 불이행,단일로,기타단일로,승용차,경형,보행자,보행자,897032,1646232,126.3742873,34.80545947
2016,2016021706,0,주간,수,1,1,0,0,0,대전,대덕구,차대사람,횡단중,횡단중,운전자법규위반,보행자 보호의무 위반,단일로,기타단일로,화물차,중형,보행자,보행자,995111,1817732,127.4455081,36.35699538
2016,2016022507,45,주간,목,1,1,0,0,0,경남,창원시(통합),차대사람,횡단중,횡단중,운전자법규위반,안전운전 의무 불이행,단일로,기타단일로,건설기계,건설기계,보행자,보행자,1104602,1695037,128.6497182,35.24529892
2016,2016022406,13,주간,수,1,1,0,0,0,충북,청주시,차대사람,횡단중,횡단중,운전자법규위반,안전운전 의무 불이행,단일로,기타단일로,승용차,경형,보행자,보행자,1000978,1846119,127.5109365,36.61292212
2016,2016022023,50,야간,토,1,3,2,0,0,강원,춘천시,차량단독,공작물충돌,공작물충돌,운전자법규위반,안전운전 의무 불이행,단일로,기타단일로,승용차,경형,,,1025166,1972892,127.7856906,37.75532696
2016,2016022111,12,주간,일,1,1,0,0,0,전남,장흥군,차량단독,전도전복,전도전복,운전자법규위반,안전운전 의무 불이행,단일로,기타단일로,농기계,농기계,,,950803,1613812,126.9639971,34.51712886
2016,2016022709,45,주간,토,1,1,0,0,0,전북,군산시,차대사람,기타,기타,운전자법규위반,안전운전 의무 불이행,단일로,기타단일로,화물차,소형,보행자,보행자,920845,1772799,126.6223243,35.9486958
2016,2016022622,16,야간,금,1,1,0,0,0,서울,금천구,차대사람,기타,기타,운전자법규위반,안전운전 의무 불이행,단일로,기타단일로,승용차,중형,보행자,보행자,946082,1942148,126.8901895,37.47698891
2016,2016030405,40,야간,금,1,3,1,1,0,부산,수영구,차대사람,기타,기타,운전자법규위반,안전운전 의무 불이행,단일로,기타단일로,원동기장치자전거,원동기장치자전거,보행자,보행자,1147469,1686589,129.1192289,35.1637606
2016,2016030215,18,주간,수,1,2,0,1,0,대전,중구,차대차,측면직각충돌,측면직각충돌,운전자법규위반,신호위반,교차로,교차로내,원동기장치자전거,원동기장치자전거,승합차,소형,995294,1812152,127.4475814,36.30669014
2016,2016030303,20,야간,목,1,1,0,0,0,충북,청주시,차량단독,전도전복,전도전복,운전자법규위반,안전운전 의무 불이행,교차로,교차로부근,승용차,경형,,,996551,1848162,127.479919,36.63206339
2016,2016030315,55,주간,목,1,1,0,0,0,전남,나주시,차량단독,공작물충돌,공작물충돌,운전자법규위반,안전운전 의무 불이행,단일로,기타단일로,화물차,소형,,,931710,1660132,126.7522399,34.93371036
2016,2016030314,10,주간,목,1,1,0,0,0,경북,청도군,차량단독,전도전복,전도전복,운전자법규위반,안전운전 의무 불이행,단일로,기타단일로,이륜차,사발이,,,1100176,1740361,128.6066592,35.65435127
2016,2016030211,5,주간,수,1,6,1,3,1,서울,강남구,차대차,측면직각충돌,측면직각충돌,운전자법규위반,신호위반,교차로,교차로내,승용차,중형,승용차,중형,962227,1943661,127.0727055,37.49142755
2016,2016030101,25,야간,화,1,1,0,0,0,경기,시흥시,차대사람,횡단중,횡단중,운전자법규위반,신호위반,교차로,교차로부근,승합차,중형,보행자,보행자,931905,1928168,126.7311491,37.35005111
2016,2016030109,25,주간,화,1,1,0,0,0,경남,남해군,차량단독,전도전복,전도전복,운전자법규위반,안전운전 의무 불이행,단일로,기타단일로,이륜차,소형,,,1030184,1646862,127.8300394,34.81590001
2016,2016021603,27,야간,화,1,1,0,0,0,대전,대덕구,차대사람,횡단중,횡단중,운전자법규위반,안전운전 의무 불이행,단일로,횡단보도상,화물차,소형,보행자,보행자,992854,1817942,127.42035,36.35887449
2016,2016021609,20,주간,화,1,1,0,0,0,경남,고성군,차량단독,전도전복,전도전복,운전자법규위반,안전운전 의무 불이행,단일로,기타단일로,승용차,경형,,,1067418,1666202,128.2387036,34.98850041
2016,2016020818,25,야간,월,1,1,0,0,0,경남,양산시,차대사람,횡단중,횡단중,운전자법규위반,안전운전 의무 불이행,교차로,교차로내,승용차,중형,보행자,보행자,1146847,1704205,129.1155486,35.32263334
2016,2016021515,14,주간,월,1,1,0,0,0,경기,김포시,차대사람,횡단중,횡단중,운전자법규위반,보행자 보호의무 위반,단일로,횡단보도상,건설기계,건설기계,보행자,보행자,927238,1961525,126.6751588,37.65033468
2016,2016022318,55,야간,화,1,1,0,0,0,전북,무주군,차대사람,횡단중,횡단중,운전자법규위반,안전운전 의무 불이행,교차로,교차로부근,승용차,중형,보행자,보행자,1015317,1771225,127.6698141,35.93759352
2016,2016030319,5,야간,목,1,1,0,0,0,충남,예산군,차대사람,횡단중,횡단중,운전자법규위반,안전운전 의무 불이행,단일로,기타단일로,승용차,경형,보행자,보행자,940243,1859950,126.830706,36.73572605
2016,2016030321,10,야간,목,1,2,1,0,0,제주,제주시,차대사람,횡단중,횡단중,운전자법규위반,보행자 보호의무 위반,단일로,횡단보도상,화물차,소형,보행자,보행자,910942,1501921,126.5411013,33.50557024
2016,2016030209,15,주간,수,1,3,1,1,0,경남,의령군,차대차,측면직각충돌,측면직각충돌,운전자법규위반,과속,교차로,교차로내,승용차,중형,이륜차,사발이,1070760,1704905,128.2786381,35.33723257
2016,2016030123,25,야간,화,1,3,0,2,0,전남,나주시,차대차,추돌,진행중 추돌,운전자법규위반,안전운전 의무 불이행,단일로,기타단일로,승용차,경형,화물차,중형,934512,1671633,126.7820142,35.03759699
2016,2016030206,40,주간,수,1,1,0,0,0,경남,진주시,차량단독,기타,기타,운전자법규위반,안전운전 의무 불이행,단일로,기타단일로,원동기장치자전거,원동기장치자전거,,,1056279,1692334,128.1184371,35.22480753
2016,2016030118,56,야간,화,1,2,1,0,0,경남,남해군,차대차,정면충돌,정면충돌,운전자법규위반,중앙선 침범,단일로,기타단일로,승용차,중형,화물차,소형,1046676,1652435,128.0106722,34.86553082
2016,2016030205,50,야간,수,1,1,0,0,0,전북,전주시,차대사람,횡단중,횡단중,운전자법규위반,안전운전 의무 불이행,단일로,기타단일로,승용차,소형,보행자,보행자,966108,1760785,127.1246988,35.84299941
2016,2016030101,55,야간,화,1,1,0,0,0,경기,안양시,차대차,추돌,진행중 추돌,운전자법규위반,신호위반,교차로,교차로내,승합차,소형,이륜차,소형,951983,1930259,126.9577001,37.37015445
2016,2016021317,51,주간,토,1,1,0,0,0,부산,해운대구,차대사람,횡단중,횡단중,운전자법규위반,안전운전 의무 불이행,단일로,기타단일로,승용차,중형,보행자,보행자,1150031,1686028,129.1472423,35.1583249
2016,2016021302,40,야간,토,1,1,0,0,0,경기,안양시,차량단독,공작물충돌,공작물충돌,운전자법규위반,안전운전 의무 불이행,단일로,기타단일로,승용차,중형,,,948918,1934398,126.9227998,37.40729705
2016,2016020623,14,야간,토,1,1,0,0,0,전남,순천시,차대사람,횡단중,횡단중,운전자법규위반,안전운전 의무 불이행,교차로,교차로부근,승용차,소형,보행자,보행자,1002304,1659290,127.5252269,34.9284161
2016,2016030216,30,주간,수,1,1,0,0,0,경기,김포시,차대사람,횡단중,횡단중,운전자법규위반,안전운전 의무 불이행,교차로,교차로내,특수차,대형,보행자,보행자,923706,1969257,126.634314,37.71973145
2016,2016030107,16,주간,화,1,1,0,0,0,서울,동대문구,차대사람,횡단중,횡단중,운전자법규위반,안전운전 의무 불이행,단일로,횡단보도상,승용차,경형,보행자,보행자,959889,1953575,127.0457167,37.58068706
2016,2016030120,16,야간,화,1,1,0,0,0,전북,전주시,차대사람,횡단중,횡단중,운전자법규위반,안전운전 의무 불이행,교차로,교차로부근,화물차,경형,보행자,보행자,970601,1759570,127.1744958,35.83219
2016,2016030206,10,주간,수,1,1,0,0,0,전남,영암군,차대사람,횡단중,횡단중,운전자법규위반,신호위반,교차로,교차로내,승용차,소형,보행자,보행자,918627,1635850,126.611353,34.71380287
2016,2016030813,20,주간,화,1,2,0,1,0,경남,사천시,차대차,추돌,진행중 추돌,운전자법규위반,안전운전 의무 불이행,단일로,기타단일로,승용차,중형,승용차,중형,1050476,1667154,128.0531357,34.99807215
2016,2016021508,30,주간,월,1,3,0,2,0,충남,공주시,차대차,정면충돌,정면충돌,운전자법규위반,신호위반,교차로,교차로내,건설기계,건설기계,승용차,경형,966404,1830550,127.1249932,36.47197696
2016,2016021512,55,주간,월,1,1,0,0,0,경북,포항시,차대차,측면직각충돌,측면직각충돌,운전자법규위반,안전운전 의무 불이행,교차로,교차로내,이륜차,소형,화물차,대형,1167849,1776823,129.3616286,35.9737406
2016,2016021221,55,야간,금,1,4,0,3,0,전북,고창군,차대차,측면직각충돌,측면직각충돌,운전자법규위반,신호위반,교차로,교차로내,승용차,경형,승용차,중형,928377,1715738,126.7109157,35.43484146
2016,2016021419,40,야간,일,1,1,0,0,0,경남,창원시(통합),차량단독,전도전복,전도전복,운전자법규위반,안전운전 의무 불이행,단일로,기타단일로,이륜차,중형,,,1108272,1689160,128.6892757,35.19192689
2016,2016120709,35,주간,수,1,1,0,0,0,충북,충주시,차대사람,기타,기타,운전자법규위반,안전운전 의무 불이행,단일로,기타단일로,화물차,소형,보행자,보행자,1041384,1878643,127.9645364,36.90521167
2016,2016042502,10,야간,월,1,2,1,0,0,경남,창녕군,차대차,추돌,진행중 추돌,운전자법규위반,안전운전 의무 불이행,단일로,기타단일로,승용차,대형,승용차,경형,1091627,1717727,128.509669,35.45113182
2016,2016120112,30,주간,목,1,2,0,1,0,경기,의왕시,차대차,추돌,진행중 추돌,운전자법규위반,안전운전 의무 불이행,단일로,기타단일로,화물차,소형,화물차,대형,956325,1932293,126.8425729,37.40139245
2016,2016092501,8,야간,일,1,1,0,0,0,대전,대덕구,차대사람,기타,기타,운전자법규위반,안전운전 의무 불이행,단일로,기타단일로,화물차,소형,보행자,보행자,995112,1819029,127.445511,36.36868835
2016,2016101203,35,야간,수,1,2,0,1,0,경북,군위군,차대차,추돌,진행중 추돌,운전자법규위반,안전운전 의무 불이행,단일로,기타단일로,화물차,중형,화물차,대형,1096283,1807591,128.5718172,36.2607794
2016,2016012318,44,야간,토,1,1,0,0,0,경북,포항시,차대사람,횡단중,횡단중,운전자법규위반,안전운전 의무 불이행,단일로,기타단일로,화물차,소형,보행자,보행자,1168897,1785661,129.3751325,36.05319972
2016,2016012908,50,주간,금,2,2,0,0,0,울산,울주군,차대차,추돌,진행중 추돌,운전자법규위반,안전운전 의무 불이행,단일로,기타단일로,화물차,경형,화물차,중형,1147904,1732257,129.1313271,35.57579668
2016,2016012919,20,야간,금,1,1,0,0,0,충남,천안시,차대차,정면충돌,정면충돌,운전자법규위반,중앙선 침범,단일로,기타단일로,이륜차,소형,화물차,소형,967414,1881213,127.1341086,36.92872369
2016,2016012919,17,야간,금,1,1,0,0,0,서울,마포구,차대사람,차도통행중,차도통행중,운전자법규위반,과속,단일로,기타단일로,승용차,중형,보행자,보행자,947291,1952911,126.9030901,37.57406709
2016,2016012715,30,주간,수,1,3,0,2,0,경기,안산시,차대차,측면직각충돌,측면직각충돌,운전자법규위반,신호위반,교차로,교차로내,이륜차,중형,승용차,중형,941681,1924164,126.8418362,37.31462764
2016,2016012819,0,야간,목,1,1,0,0,0,부산,중구,차대차,기타,기타,운전자법규위반,안전운전 의무 불이행,단일로,기타단일로,화물차,중형,승용차,대형,1140180,1679378,129.0379897,35.09906746
2016,2016012714,0,주간,수,1,1,0,0,0,경북,군위군,차량단독,공작물충돌,공작물충돌,운전자법규위반,안전운전 의무 불이행,교차로,교차로부근,승용차,중형,,,1109350,1798135,128.7159307,36.17415523
2016,2016020310,50,주간,수,1,1,0,0,0,서울,성북구,차대사람,기타,기타,운전자법규위반,과속,단일로,기타단일로,화물차,소형,보행자,보행자,959322,1955434,127.0391919,37.59741779
2016,2016021010,40,주간,수,1,1,0,0,0,경남,김해시,차대사람,횡단중,횡단중,운전자법규위반,안전운전 의무 불이행,단일로,기타단일로,화물차,소형,보행자,보행자,1112248,1701566,128.7346344,35.30332996
2016,2016021005,10,야간,수,1,4,3,0,0,서울,광진구,차대차,측면직각충돌,측면직각충돌,운전자법규위반,신호위반,교차로,교차로내,승용차,중형,승용차,중형,962601,1951739,127.0765248,37.56425284
2016,2016021116,25,주간,목,1,1,0,0,0,충남,금산군,차량단독,전도전복,전도전복,운전자법규위반,안전운전 의무 불이행,교차로,교차로내,농기계,농기계,,,1006956,1785462,127.5772439,36.0660487
2016,2016020920,0,야간,화,1,1,0,0,0,전남,화순군,차대사람,횡단중,횡단중,운전자법규위반,안전운전 의무 불이행,단일로,기타단일로,승용차,경형,보행자,보행자,946061,1672861,126.9085467,35.0493529
2016,2016021019,0,야간,수,1,1,0,0,0,경기,시흥시,차대사람,횡단중,횡단중,운전자법규위반,안전운전 의무 불이행,교차로,교차로내,승용차,중형,보행자,보행자,941007,1939624,126.832997,37.45392966
2016,2016020919,15,야간,화,1,1,0,0,0,충남,논산시,차대차,추돌,진행중 추돌,운전자법규위반,안전거리 미확보,단일로,기타단일로,승용차,중형,자전거,자전거,961346,1801845,127.0699611,36.21300569
2016,2016010423,40,야간,월,3,3,0,0,0,인천,서구,차량단독,공작물충돌,공작물충돌,운전자법규위반,안전운전 의무 불이행,단일로,기타단일로,승용차,소형,,,924785,1950935,126.6484427,37.55469449
2016,2016020411,23,주간,목,1,1,0,0,0,전북,장수군,차대차,추돌,진행중 추돌,운전자법규위반,안전운전 의무 불이행,단일로,기타단일로,승용차,대형,화물차,소형,1004379,1748721,127.5484251,35.73480353
2016,2016050815,10,주간,일,1,4,1,1,1,경기,평택시,차대차,추돌,진행중 추돌,운전자법규위반,안전운전 의무 불이행,단일로,기타단일로,승용차,대형,승합차,중형,954190,1893125,126.9849045,37.03554938