발생년,발생년월일시,발생분,주야,요일,사망자수,사상자수,중상자수,경상자수,부상신고자수,발생지시도,발생지시군구,사고유형_대분류,사고유형_중분류,사고유형,법규위반_대분류,법규위반,도로형태_대분류,도로형태,당사자종별_1당_대분류,당사자종별_1당,당사자종별_2당_대분류,당사자종별_2당,발생위치X_UTMK,발생위치Y_UTMK,경도,위도
2016,2016062806,10,주간,화,1,1,0,0,0,대전,대덕구,차대차,추돌,진행중 추돌,운전자법규위반,안전운전 의무 불이행,기타/불명,기타/불명,화물차,대형,화물차,중형,992677,1825428,127.4183066,36.42636202
2016,2016060221,58,야간,목,1,1,0,0,0,전남,함평군,차대차,추돌,진행중 추돌,운전자법규위반,기타(운전자법규위반),단일로,기타단일로,승용차,경형,화물차,소형,916073,1674875,126.5795486,35.06546298
2016,2016052421,27,야간,화,1,1,0,0,0,전북,고창군,차대사람,기타,기타,운전자법규위반,안전운전 의무 불이행,단일로,기타단일로,승합차,대형,보행자,보행자,926120,1724990,126.6852108,35.51809075
2016,2016070116,30,주간,금,1,1,0,0,0,충북,음성군,차대차,기타,기타,운전자법규위반,안전운전 의무 불이행,단일로,기타단일로,화물차,중형,화물차,소형,1015656,1902710,127.6869537,37.1201584
2016,2016120213,35,주간,금,1,2,0,1,0,경남,창녕군,차대차,추돌,진행중 추돌,운전자법규위반,안전운전 의무 불이행,단일로,기타단일로,화물차,중형,화물차,중형,1091555,1722538,128.5094177,35.49451122
2016,2016111001,12,야간,목,1,2,0,1,0,충북,괴산군,차대차,추돌,진행중 추돌,운전자법규위반,안전운전 의무 불이행,단일로,기타단일로,승용차,중형,화물차,중형,1040807,1870960,127.9576464,36.83597966
2016,2016112906,50,주간,화,1,1,0,0,0,전북,완주군,차대차,추돌,진행중 추돌,운전자법규위반,안전운전 의무 불이행,단일로,기타단일로,화물차,대형,승용차,경형,958052,1759343,127.0355693,35.82968679
2016,2016082216,10,주간,월,1,1,0,0,0,경기,성남시,차량단독,공작물충돌,공작물충돌,운전자법규위반,안전운전 의무 불이행,단일로,기타단일로,승용차,중형,,,964745,1934345,127.1016344,37.40755713
2016,2016090800,1,야간,목,2,2,0,0,0,경기,고양시,차대차,추돌,진행중 추돌,운전자법규위반,안전운전 의무 불이행,단일로,기타단일로,특수차,대형,승용차,소형,941290,1963377,126.8342944,37.66803264
2016,2016081823,15,야간,목,1,2,0,1,0,충북,충주시,차대차,추돌,진행중 추돌,운전자법규위반,안전운전 의무 불이행,단일로,기타단일로,화물차,소형,화물차,중형,1030800,1887047,127.8460755,36.98137339
2016,2016051300,40,야간,금,1,2,0,1,0,충북,충주시,차대차,기타,기타,운전자법규위반,안전운전 의무 불이행,단일로,기타단일로,화물차,중형,화물차,중형,1029859,1891840,127.8356923,37.02460914
2016,2016063003,20,야간,목,1,1,0,0,0,경북,성주군,차대차,추돌,진행중 추돌,운전자법규위반,안전운전 의무 불이행,단일로,기타단일로,화물차,소형,화물차,대형,1068384,1779141,128.2588034,36.00668397
2016,2016062823,45,야간,화,3,6,2,1,0,경기,광주시,차대차,기타,기타,운전자법규위반,안전운전 의무 불이행,단일로,기타단일로,승용차,중형,건설기계,건설기계,984076,1928377,127.3201929,37.35429694
2016,2016060703,25,야간,화,1,2,0,1,0,충남,서천군,차대차,추돌,진행중 추돌,운전자법규위반,안전운전 의무 불이행,단일로,기타단일로,화물차,대형,화물차,대형,921619,1792736,126.6289283,36.12848718
2016,2016011811,4,주간,월,1,1,0,0,0,충남,청양군,차대사람,횡단중,횡단중,운전자법규위반,과속,단일로,기타단일로,승용차,중형,보행자,보행자,951344,1823523,126.9573368,36.40798284
2016,2016011905,56,야간,화,1,1,0,0,0,서울,은평구,차대사람,횡단중,횡단중,운전자법규위반,안전운전 의무 불이행,단일로,횡단보도부근,승합차,대형,보행자,보행자,948814,1958512,126.9199449,37.62463514
2016,2016012322,40,야간,토,1,1,0,0,0,서울,강동구,차대사람,횡단중,횡단중,운전자법규위반,신호위반,교차로,교차로내,승합차,대형,보행자,보행자,970962,1950933,127.1712281,37.55728964
2016,2016012219,25,야간,금,1,1,0,0,0,대구,북구,차대차,측면직각충돌,측면직각충돌,운전자법규위반,안전운전 의무 불이행,교차로,교차로내,화물차,중형,원동기장치자전거,원동기장치자전거,1096128,1767101,128.5650056,35.89586665
2016,2016012218,0,야간,금,1,1,0,0,0,경북,경주시,차대사람,횡단중,횡단중,운전자법규위반,안전운전 의무 불이행,교차로,교차로부근,승합차,경형,보행자,보행자,1154145,1762698,129.2069624,35.84870693
2016,2016012718,45,야간,수,1,1,0,0,0,전북,익산시,차대사람,횡단중,횡단중,운전자법규위반,안전운전 의무 불이행,단일로,기타단일로,승용차,경형,보행자,보행자,944991,1770649,126.890189,35.93097157
2016,2016012719,0,야간,수,1,1,0,0,0,충남,당진시,차대사람,횡단중,횡단중,운전자법규위반,안전운전 의무 불이행,단일로,기타단일로,화물차,소형,보행자,보행자,923392,1870378,126.640939,36.82851044
2016,2016012718,15,야간,수,1,1,0,0,0,경남,거창군,차대차,추돌,진행중 추돌,운전자법규위반,안전운전 의무 불이행,단일로,기타단일로,화물차,소형,농기계,농기계,1037715,1751467,127.9171945,35.75884862
2016,2016020218,55,야간,화,1,1,0,0,0,강원,원주시,차대사람,횡단중,횡단중,운전자법규위반,안전운전 의무 불이행,교차로,교차로내,승용차,경형,보행자,보행자,1040600,1927448,127.9583815,37.34517165
2016,2016020307,10,주간,수,1,1,0,0,0,전남,완도군,차량단독,전도전복,전도전복,운전자법규위반,안전운전 의무 불이행,단일로,기타단일로,농기계,농기계,,,935760,1600540,126.8011105,34.39661856
2016,2016020310,50,주간,수,1,5,2,2,0,경기,고양시,차대차,측면직각충돌,측면직각충돌,운전자법규위반,신호위반,교차로,교차로내,승합차,소형,승용차,대형,937433,1961760,126.790702,37.65320412
2016,2016013114,57,주간,일,1,1,0,0,0,부산,사상구,차량단독,도로이탈,도로이탈 추락,운전자법규위반,안전운전 의무 불이행,단일로,기타단일로,건설기계,건설기계,,,1134153,1683367,128.9725337,35.13658273
2016,2016013115,46,주간,일,1,1,0,0,0,전남,보성군,차대사람,기타,기타,운전자법규위반,안전운전 의무 불이행,단일로,기타단일로,건설기계,건설기계,보행자,보행자,959398,1630403,127.0568434,34.66711779
2016,2016013023,20,야간,토,1,1,0,0,0,경기,성남시,차대사람,기타,기타,운전자법규위반,안전운전 의무 불이행,교차로,교차로내,승용차,중형,보행자,보행자,967256,1938070,127.1298418,37.44122496
2016,2016013022,10,야간,토,1,1,0,0,0,경기,시흥시,차대사람,횡단중,횡단중,운전자법규위반,보행자 보호의무 위반,교차로,교차로내,화물차,소형,보행자,보행자,937106,1939100,126.7889381,37.44894967
2016,2016013020,45,야간,토,1,1,0,0,0,울산,울주군,차대사람,횡단중,횡단중,운전자법규위반,안전운전 의무 불이행,단일로,횡단보도부근,승용차,경형,보행자,보행자,1150239,1739912,129.1594559,35.64395418
2016,2016013007,0,주간,토,1,1,0,0,0,대전,서구,차대사람,횡단중,횡단중,운전자법규위반,안전운전 의무 불이행,교차로,교차로내,승합차,대형,보행자,보행자,989253,1812878,127.3802829,36.31318692
2016,2016111221,39,야간,토,1,3,0,2,0,충남,금산군,차대차,정면충돌,정면충돌,운전자법규위반,안전운전 의무 불이행,단일로,기타단일로,승용차,경형,화물차,소형,1003244,1787607,127.5360323,36.08540712
2016,2016010218,12,야간,토,1,1,0,0,0,광주,동구,차대사람,횡단중,횡단중,운전자법규위반,안전운전 의무 불이행,단일로,기타단일로,승용차,경형,보행자,보행자,948291,1681062,126.932486,35.12341699
2016,2016010923,50,야간,토,2,2,0,0,0,강원,원주시,차대차,기타,기타,운전자법규위반,과속,교차로,교차로부근,승용차,중형,승용차,중형,1039339,1926288,127.9440834,37.33477013
2016,2016010810,50,주간,금,1,1,0,0,0,대구,북구,차대차,측면직각충돌,측면직각충돌,운전자법규위반,기타(운전자법규위반),단일로,기타단일로,화물차,소형,자전거,자전거,1096250,1766433,128.5662076,35.89023475
2016,2016010613,20,주간,수,1,1,0,0,0,경기,이천시,차량단독,전도전복,전도전복,운전자법규위반,안전운전 의무 불이행,단일로,교량위,원동기장치자전거,원동기장치자전거,,,996193,1926182,127.4570241,37.33464027
2016,2016011615,15,주간,토,1,2,0,1,0,충북,음성군,차대차,기타,기타,운전자법규위반,안전운전 의무 불이행,단일로,기타단일로,승용차,경형,승용차,경형,1011849,1873683,127.6329296,36.86133305
2016,2016012201,5,야간,금,1,1,0,0,0,경북,칠곡군,차량단독,기타,기타,운전자법규위반,안전운전 의무 불이행,단일로,기타단일로,이륜차,대형,,,1082183,1782696,128.4122735,36.03766518
2016,2016011817,40,주간,월,1,3,1,1,0,광주,광산구,차량단독,공작물충돌,공작물충돌,운전자법규위반,안전운전 의무 불이행,단일로,기타단일로,화물차,소형,,,932507,1678354,126.7594866,35.09806541
2016,2016012516,10,주간,월,1,1,0,0,0,경기,포천시,차대사람,횡단중,횡단중,운전자법규위반,안전운전 의무 불이행,단일로,기타단일로,화물차,소형,보행자,보행자,976140,1974447,127.2290842,37.76937744
2016,2016013003,10,야간,토,1,1,0,0,0,대구,달서구,차대사람,횡단중,횡단중,운전자법규위반,안전운전 의무 불이행,단일로,기타단일로,승용차,대형,보행자,보행자,1091169,1762130,128.509648,35.85147013
2016,2016012822,41,야간,목,1,1,0,0,0,서울,강서구,차대차,추돌,진행중 추돌,운전자법규위반,기타(운전자법규위반),단일로,기타단일로,화물차,소형,화물차,소형,939583,1954330,126.8156881,37.58638277
2016,2016013000,56,야간,토,1,1,0,0,0,경남,진주시,차대사람,횡단중,횡단중,운전자법규위반,신호위반,단일로,횡단보도부근,승용차,중형,보행자,보행자,1054008,1687227,128.0931479,35.17888438
2016,2016012715,40,주간,수,1,1,0,0,0,대전,대덕구,차대사람,횡단중,횡단중,운전자법규위반,보행자 보호의무 위반,교차로,교차로내,화물차,소형,보행자,보행자,993411,1826814,127.4264831,36.43886252
2016,2016012810,40,주간,목,1,1,0,0,0,전북,임실군,차대차,측면직각충돌,측면직각충돌,운전자법규위반,안전운전 의무 불이행,교차로,교차로내,화물차,소형,화물차,소형,981470,1725730,127.2956154,35.52734179
2016,2016020312,50,주간,수,1,1,0,0,0,경북,김천시,차대차,측면직각충돌,측면직각충돌,운전자법규위반,안전운전 의무 불이행,교차로,교차로내,화물차,소형,이륜차,소형,1055695,1798592,128.1193864,36.18284812
2016,2016020205,50,야간,화,1,1,0,0,0,부산,수영구,차대사람,횡단중,횡단중,운전자법규위반,안전운전 의무 불이행,단일로,기타단일로,승용차,중형,보행자,보행자,1147092,1684609,129.1147381,35.14596889
2016,2016020121,0,야간,월,1,1,0,0,0,경북,경주시,차대사람,횡단중,횡단중,운전자법규위반,안전운전 의무 불이행,단일로,기타단일로,승용차,경형,보행자,보행자,1141986,1758937,129.0716954,35.81664695
2016,2016020307,40,주간,수,1,1,0,0,0,경남,창원시(통합),차대차,측면직각충돌,측면직각충돌,운전자법규위반,신호위반,교차로,교차로부근,이륜차,소형,승용차,경형,1103568,1691471,128.6379062,35.21325773
2016,2016021016,1,주간,수,1,4,0,3,0,충남,예산군,차대차,측면직각충돌,측면직각충돌,운전자법규위반,신호위반,교차로,교차로내,승용차,중형,승용차,대형,941997,1858615,126.8504515,36.72380087
2016,2016020605,24,야간,토,1,2,0,1,0,경북,포항시,차대차,추돌,진행중 추돌,운전자법규위반,안전운전 의무 불이행,교차로,교차로부근,승용차,중형,화물차,대형,1169662,1780041,129.382416,36.00242466
2016,2016020602,45,야간,토,1,2,1,0,0,광주,서구,차대사람,횡단중,횡단중,운전자법규위반,과속,교차로,교차로내,승용차,중형,보행자,보행자,941665,1682110,126.8596945,35.13250418
2016,2016020506,48,주간,금,1,1,0,0,0,경기,부천시,차대사람,횡단중,횡단중,운전자법규위반,안전운전 의무 불이행,단일로,횡단보도상,승용차,대형,보행자,보행자,935513,1947013,126.770236,37.52015949
2016,2016062221,21,야간,수,1,2,0,1,0,충북,영동군,차대차,추돌,진행중 추돌,운전자법규위반,안전운전 의무 불이행,단일로,기타단일로,화물차,대형,화물차,대형,1036025,1802636,127.9008274,36.2202384
2016,2016062213,5,주간,수,2,8,2,2,2,충북,보은군,차대차,추돌,진행중 추돌,운전자법규위반,안전운전 의무 불이행,단일로,기타단일로,특수차,대형,화물차,소형,1011388,1830883,127.6271216,36.47550052
2016,2016092122,35,야간,수,1,3,2,0,0,전북,김제시,차량단독,공작물충돌,공작물충돌,운전자법규위반,안전운전 의무 불이행,단일로,기타단일로,승용차,중형,,,940448,1760676,126.8405756,35.84079345
2016,2016100116,7,주간,토,1,8,3,4,0,경북,문경시,차대차,추돌,진행중 추돌,운전자법규위반,안전운전 의무 불이행,단일로,기타단일로,건설기계,건설기계,화물차,대형,1054598,1855440,128.1116115,36.69383137
2016,2016110210,10,주간,수,1,3,1,1,0,충북,청주시,차대차,추돌,진행중 추돌,운전자법규위반,안전운전 의무 불이행,단일로,기타단일로,승용차,중형,화물차,중형,993907,1839330,127.4319185,36.55169991
2016,2016030306,25,주간,목,1,1,0,0,0,경기,광명시,차대차,추돌,진행중 추돌,운전자법규위반,안전운전 의무 불이행,단일로,기타단일로,승용차,중형,건설기계,건설기계,945254,1936674,126.8812319,37.42760188
2016,2016011502,44,야간,금,1,1,0,0,0,경기,평택시,차대차,측면직각충돌,측면직각충돌,운전자법규위반,안전운전 의무 불이행,단일로,기타단일로,승합차,소형,승용차,소형,969100,1888950,127.1662571,36.97499224
2016,2016022706,30,주간,토,1,6,1,4,0,경기,이천시,차대차,측면직각충돌,측면직각충돌,운전자법규위반,과속,단일로,기타단일로,승용차,중형,승합차,소형,990044,1920173,127.387691,37.28042991
2016,2016020704,33,야간,일,1,8,0,7,0,인천,연수구,차대차,추돌,진행중 추돌,운전자법규위반,안전운전 의무 불이행,단일로,교량위,승용차,소형,승용차,중형,915704,1936754,126.547268,37.426103
2016,2016040410,55,주간,월,1,1,0,0,0,인천,남구,차대차,추돌,진행중 추돌,운전자법규위반,안전운전 의무 불이행,단일로,기타단일로,화물차,소형,화물차,대형,923445,1938798,126.6345368,37.44519776
2016,2016032117,15,주간,월,1,1,0,0,0,전북,남원시,차량단독,전도전복,전도전복,운전자법규위반,안전운전 의무 불이행,교차로,교차로내,농기계,농기계,,,1010527,1718287,127.6159784,35.4603939
2016,2016101401,27,야간,금,1,1,0,0,0,대구,북구,차량단독,공작물충돌,공작물충돌,운전자법규위반,안전운전 의무 불이행,단일로,기타단일로,승용차,중형,,,1092703,1769433,128.5274839,35.9171603
2016,2016022406,40,주간,수,1,2,0,1,0,경남,함안군,차대차,추돌,진행중 추돌,운전자법규위반,안전운전 의무 불이행,단일로,기타단일로,화물차,대형,화물차,대형,1094596,1699611,128.5402827,35.28753085
2016,2016011114,0,주간,월,1,7,0,6,0,전남,무안군,차대차,추돌,진행중 추돌,운전자법규위반,안전운전 의무 불이행,단일로,터널안,승합차,대형,승용차,대형,908561,1657254,126.4991087,34.90593749
2016,2016050409,40,주간,수,1,1,0,0,0,충남,당진시,차대차,추돌,진행중 추돌,운전자법규위반,안전운전 의무 불이행,단일로,기타단일로,화물차,소형,화물차,중형,921971,1873328,126.624703,36.85498442
2016,2016111204,10,야간,토,2,5,2,1,0,충남,천안시,차대차,기타,기타,운전자법규위반,신호위반,기타/불명,기타/불명,화물차,중형,화물차,중형,971388,1872391,127.179063,36.84932723
2016,2016100503,18,야간,수,1,5,1,3,0,경기,성남시,차대차,기타,기타,운전자법규위반,안전운전 의무 불이행,단일로,기타단일로,화물차,대형,승용차,중형,966863,1936530,127.1254683,37.42733006
2016,2016071920,17,야간,화,1,1,0,0,0,충남,서산시,차대차,추돌,진행중 추돌,운전자법규위반,안전거리 미확보,단일로,기타단일로,화물차,대형,화물차,대형,917023,1867540,126.5698366,36.80239265
2016,2016050711,34,주간,토,1,11,3,7,0,충남,논산시,차대차,추돌,진행중 추돌,운전자법규위반,안전운전 의무 불이행,기타/불명,기타/불명,승용차,중형,승용차,중형,962224,1789618,127.0805636,36.10276862
2016,2016031114,27,주간,금,1,10,4,5,0,경북,문경시,차대차,추돌,진행중 추돌,운전자법규위반,안전거리 미확보,단일로,터널안,승용차,경형,승용차,대형,1056495,1851974,128.1321718,36.66402756
2016,2016060313,10,주간,금,1,4,1,2,0,대구,북구,차대차,추돌,진행중 추돌,운전자법규위반,안전운전 의무 불이행,단일로,기타단일로,화물차,소형,화물차,중형,1097224,1768494,128.5774704,35.90825647
2016,2016091200,40,야간,월,1,3,1,1,0,대전,동구,차대차,정면충돌,정면충돌,운전자법규위반,중앙선 침범,단일로,기타단일로,화물차,소형,승용차,소형,996664,1810714,127.4628476,36.29373158
2016,2016090415,53,주간,일,1,3,1,1,0,경남,김해시,차량단독,공작물충돌,공작물충돌,운전자법규위반,안전운전 의무 불이행,단일로,기타단일로,화물차,소형,,,1126778,1693086,128.8931033,35.22515114
2016,2016072204,46,야간,금,1,1,0,0,0,충북,영동군,차대차,추돌,진행중 추돌,운전자법규위반,안전운전 의무 불이행,단일로,기타단일로,화물차,중형,화물차,대형,1031779,1805639,127.8537077,36.24746061
2016,2016083002,20,야간,화,1,2,0,1,0,경북,칠곡군,차대차,추돌,진행중 추돌,운전자법규위반,안전운전 의무 불이행,단일로,기타단일로,화물차,대형,화물차,대형,1088574,1770445,128.4817102,35.92694212
2016,2016052800,28,야간,토,1,1,0,0,0,경기,화성시,차대차,기타,기타,운전자법규위반,안전운전 의무 불이행,단일로,기타단일로,승용차,경형,화물차,대형,939649,1902246,126.8206791,37.11694077
2016,2016063002,30,야간,목,2,4,1,1,0,경기,평택시,차대차,기타,기타,운전자법규위반,안전운전 의무 불이행,단일로,기타단일로,화물차,대형,화물차,소형,941919,1884220,126.8476206,36.95460187
2016,2016061501,15,야간,수,1,2,0,1,0,경기,화성시,차대차,추돌,진행중 추돌,운전자법규위반,안전운전 의무 불이행,단일로,기타단일로,승용차,소형,화물차,대형,945252,1916484,126.8827004,37.24562141
2016,2016060206,6,주간,목,1,5,0,4,0,인천,남구,차대차,추돌,진행중 추돌,운전자법규위반,안전운전 의무 불이행,기타/불명,기타/불명,화물차,소형,화물차,중형,925079,1937860,126.6531027,37.4368776
2016,2016051200,28,야간,목,1,5,0,4,0,충북,충주시,차대차,정면충돌,정면충돌,운전자법규위반,안전운전 의무 불이행,단일로,터널안,화물차,대형,화물차,대형,1031642,1882088,127.8553285,36.93664344
2016,2016051609,45,주간,월,4,6,2,0,0,경남,함안군,차대차,추돌,진행중 추돌,운전자법규위반,안전거리 미확보,단일로,터널안,승합차,대형,승합차,대형,1097856,1699843,128.5761554,35.28930881
2016,2016100803,10,야간,토,1,1,0,0,0,충북,청주시,차대차,추돌,진행중 추돌,운전자법규위반,안전운전 의무 불이행,단일로,기타단일로,화물차,중형,화물차,중형,995430,1858424,127.4488224,36.72384038
2016,2016090914,28,주간,금,1,2,1,0,0,경기,안산시,차대차,추돌,진행중 추돌,운전자법규위반,안전운전 의무 불이행,단일로,기타단일로,화물차,중형,승용차,중형,943639,1927101,126.8637089,37.34122075
2016,2016062013,25,주간,월,1,1,0,0,0,경북,칠곡군,차대차,기타,기타,운전자법규위반,안전운전 의무 불이행,단일로,기타단일로,화물차,대형,화물차,중형,1094304,1779575,128.5467825,36.00785029
2016,2016051604,45,야간,월,1,1,0,0,0,경남,양산시,차량단독,공작물충돌,공작물충돌,운전자법규위반,안전운전 의무 불이행,단일로,기타단일로,승용차,중형,,,1138835,1704539,129.0274893,35.32678946
2016,2016051823,25,야간,수,1,1,0,0,0,충북,단양군,차량단독,공작물충돌,공작물충돌,운전자법규위반,안전운전 의무 불이행,단일로,기타단일로,화물차,소형,,,1072076,1883878,128.3095291,36.95055166
2016,2016010217,50,주간,토,1,3,2,0,0,충남,논산시,차량단독,공작물충돌,공작물충돌,운전자법규위반,안전운전 의무 불이행,단일로,기타단일로,승용차,중형,,,974796,1801564,127.2196039,36.21091648
2016,2016010911,40,주간,토,2,2,0,0,0,경기,파주시,차대차,측면직각충돌,측면직각충돌,운전자법규위반,신호위반,교차로,교차로내,승용차,중형,화물차,대형,939346,1971623,126.8115659,37.74222491
2016,2016010800,20,야간,금,1,1,0,0,0,서울,마포구,차량단독,공작물충돌,공작물충돌,운전자법규위반,안전운전 의무 불이행,단일로,기타단일로,이륜차,소형,,,945186,1953397,126.8792166,37.57832448
2016,2016010621,15,야간,수,1,4,0,2,1,경기,용인시,차대차,측면직각충돌,측면직각충돌,운전자법규위반,중앙선 침범,단일로,기타단일로,승용차,중형,승합차,대형,973642,1905677,127.2031815,37.14944311
2016,2016010704,50,야간,목,1,1,0,0,0,경북,안동시,차대사람,횡단중,횡단중,운전자법규위반,안전운전 의무 불이행,교차로,교차로부근,승용차,경형,보행자,보행자,1112061,1840840,128.7522231,36.55875584
2016,2016011205,40,야간,화,1,1,0,0,0,경기,군포시,차대사람,횡단중,횡단중,운전자법규위반,안전운전 의무 불이행,교차로,교차로내,승용차,중형,보행자,보행자,948954,1929338,126.9235559,37.3616913
2016,2016011721,50,야간,일,1,3,2,0,0,충북,보은군,차대차,기타,기타,운전자법규위반,안전운전 의무 불이행,단일로,기타단일로,승용차,중형,화물차,소형,1025695,1834853,127.7869581,36.51101343
2016,2016011805,20,야간,월,1,1,0,0,0,경기,포천시,차대차,측면직각충돌,측면직각충돌,운전자법규위반,안전운전 의무 불이행,단일로,기타단일로,원동기장치자전거,원동기장치자전거,화물차,중형,971981,1985753,127.1814242,37.87116081
2016,2016011602,5,야간,토,1,1,0,0,0,부산,금정구,차량단독,공작물충돌,공작물충돌,운전자법규위반,안전운전 의무 불이행,단일로,기타단일로,승용차,대형,,,1144798,1696081,129.0915801,35.24970655
2016,2016011523,30,야간,금,1,1,0,0,0,전남,보성군,차량단독,전도전복,전도전복,운전자법규위반,안전운전 의무 불이행,단일로,기타단일로,승용차,대형,,,967003,1648425,127.1391416,34.82990709
2016,2016012118,40,야간,목,1,3,0,2,0,전남,여수시,차대차,정면충돌,정면충돌,운전자법규위반,중앙선 침범,단일로,기타단일로,승용차,소형,승용차,중형,1021519,1637393,127.7350527,34.73073148
2016,2016012118,5,야간,목,1,1,0,0,0,경북,울진군,차대사람,횡단중,횡단중,운전자법규위반,안전운전 의무 불이행,단일로,기타단일로,승용차,대형,보행자,보행자,1172904,1853957,129.4347744,36.6678623
2016,2016052810,9,주간,토,1,1,0,0,0,경기,광주시,차대차,추돌,진행중 추돌,운전자법규위반,안전운전 의무 불이행,단일로,기타단일로,화물차,중형,건설기계,건설기계,983909,1929064,127.3182923,37.36048657
2016,2016052217,46,주간,일,1,5,3,1,0,경기,안양시,차대사람,차도통행중,차도통행중,운전자법규위반,안전운전 의무 불이행,단일로,기타단일로,승합차,중형,보행자,보행자,946707,1936226,126.897686,37.42364876
2016,2016111506,21,주간,화,1,2,0,1,0,충남,천안시,차대차,기타,기타,운전자법규위반,안전운전 의무 불이행,단일로,기타단일로,화물차,대형,화물차,대형,970342,1866605,127.168377,36.79521266
2016,2016010422,50,야간,월,1,1,0,0,0,경북,경주시,차대사람,횡단중,횡단중,운전자법규위반,안전운전 의무 불이행,단일로,기타단일로,특수차,경형,보행자,보행자,1155745,1765162,129.2251544,35.87065968
2016,2016010410,30,주간,월,1,1,0,0,0,경기,파주시,차대차,측면직각충돌,측면직각충돌,운전자법규위반,안전거리 미확보,단일로,기타단일로,자전거,자전거,화물차,소형,939518,1971529,126.8135259,37.7413891
2016,2016010111,5,주간,금,1,1,0,0,0,전남,화순군,차대차,측면직각충돌,측면직각충돌,운전자법규위반,신호위반,교차로,교차로내,원동기장치자전거,원동기장치자전거,승용차,대형,952729,1673528,126.9816219,35.05570165
2016,2016010114,20,주간,금,1,2,0,1,0,전남,해남군,차대차,정면충돌,정면충돌,운전자법규위반,중앙선 침범,단일로,기타단일로,이륜차,사발이,승용차,중형,902266,1621029,126.4344163,34.57873674
2016,2016010708,30,주간,목,1,3,2,0,0,강원,춘천시,차대차,측면직각충돌,측면직각충돌,운전자법규위반,중앙선 침범,단일로,교량위,승용차,중형,화물차,소형,1014922,1995907,127.6698742,37.96298744
2016,2016011207,15,주간,화,1,1,0,0,0,충남,논산시,차대차,추돌,진행중 추돌,운전자법규위반,안전운전 의무 불이행,단일로,기타단일로,승용차,중형,자전거,자전거,976793,1793020,127.242073,36.13393725
2016,2016012106,15,주간,목,1,1,0,0,0,경기,안산시,차대사람,횡단중,횡단중,운전자법규위반,안전운전 의무 불이행,교차로,교차로부근,화물차,소형,보행자,보행자,942186,1925825,126.8474056,37.32963038
2016,2016011812,0,주간,월,1,1,0,0,0,경북,구미시,차대차,측면직각충돌,측면직각충돌,운전자법규위반,안전운전 의무 불이행,교차로,교차로부근,승용차,경형,자전거,자전거,1083308,1790356,128.4255688,36.10662179
2016,2016012421,50,야간,일,1,1,0,0,0,강원,속초시,차대사람,횡단중,횡단중,운전자법규위반,안전운전 의무 불이행,교차로,교차로내,승용차,중형,보행자,보행자,1095477,2021596,128.5902675,38.18957722
2016,2016012412,59,주간,일,1,1,0,0,0,경남,창원시(통합),차대차,추돌,진행중 추돌,운전자법규위반,안전운전 의무 불이행,교차로,교차로부근,승용차,경형,원동기장치자전거,원동기장치자전거,1103976,1694104,128.6427208,35.23695283
2016,2016012504,50,야간,월,1,1,0,0,0,대구,남구,차대사람,횡단중,횡단중,운전자법규위반,안전운전 의무 불이행,교차로,교차로내,승용차,중형,보행자,보행자,1095520,1760662,128.5576501,35.83782213
2016,2016020119,10,야간,월,1,1,0,0,0,충북,청주시,차대사람,기타,기타,운전자법규위반,안전운전 의무 불이행,기타/불명,기타/불명,승합차,경형,보행자,보행자,993968,1847092,127.4325393,36.62167513
2016,2016013011,55,주간,토,1,4,2,1,0,전남,나주시,차대차,정면충돌,정면충돌,운전자법규위반,중앙선 침범,단일로,기타단일로,승용차,중형,화물차,소형,926846,1670290,126.6980923,35.02496141
2016,2016013100,25,야간,일,1,3,2,0,0,전북,정읍시,차량단독,도로이탈,도로이탈 추락,운전자법규위반,과속,단일로,기타단일로,승용차,중형,,,943297,1732549,126.8769447,35.58526903
2016,2016013106,20,주간,일,1,5,2,2,0,경북,칠곡군,차량단독,전도전복,전도전복,운전자법규위반,안전운전 의무 불이행,단일로,기타단일로,승용차,중형,,,1080568,1776654,128.393733,35.98333264
2016,2016013118,5,야간,일,1,1,0,0,0,충남,서천군,차대차,추돌,진행중 추돌,운전자법규위반,안전운전 의무 불이행,단일로,기타단일로,승용차,대형,화물차,소형,928995,1779877,126.7120498,36.01313157
2016,2016020513,40,주간,금,1,1,0,0,0,경기,파주시,차대사람,기타,기타,운전자법규위반,안전운전 의무 불이행,단일로,기타단일로,승용차,경형,보행자,보행자,936839,1971954,126.7830842,37.74503845
2016,2016020601,30,야간,토,1,1,0,0,0,경기,성남시,차대사람,횡단중,횡단중,운전자법규위반,안전운전 의무 불이행,단일로,기타단일로,승합차,경형,보행자,보행자,968164,1937616,127.1401258,37.4371645
2016,2016020614,20,주간,토,1,1,0,0,0,서울,송파구,차대차,추돌,진행중 추돌,운전자법규위반,안전운전 의무 불이행,지하도로내,지하도로내,화물차,소형,승용차,중형,964678,1944886,127.1003722,37.50256605
2016,2016020523,15,야간,금,1,1,0,0,0,경기,고양시,차대사람,차도통행중,차도통행중,운전자법규위반,과속,단일로,기타단일로,승용차,경형,보행자,보행자,944367,1959960,126.8694426,37.63742736
2016,2016020521,0,야간,금,1,1,0,0,0,충남,보령시,차대사람,기타,기타,운전자법규위반,안전운전 의무 불이행,단일로,기타단일로,화물차,중형,보행자,보행자,921097,1818731,126.620382,36.36269864