발생년,발생년월일시,발생분,주야,요일,사망자수,사상자수,중상자수,경상자수,부상신고자수,발생지시도,발생지시군구,사고유형_대분류,사고유형_중분류,사고유형,법규위반_대분류,법규위반,도로형태_대분류,도로형태,당사자종별_1당_대분류,당사자종별_1당,당사자종별_2당_대분류,당사자종별_2당,발생위치X_UTMK,발생위치Y_UTMK,경도,위도
2016,2016112408,10,주간,목,1,1,0,0,0,경남,창원시(통합),차대사람,횡단중,횡단중,운전자법규위반,안전운전 의무 불이행,교차로,교차로내,승용차,소형,보행자,보행자,1103804,1695291,128.6409808,35.2476718
2016,2016112206,33,주간,화,1,1,0,0,0,경북,의성군,차대사람,횡단중,횡단중,운전자법규위반,안전운전 의무 불이행,교차로,교차로내,건설기계,건설기계,보행자,보행자,1106366,1818663,128.6855501,36.359519
2016,2016103018,50,야간,일,1,1,0,0,0,경북,고령군,차대사람,횡단중,횡단중,운전자법규위반,안전운전 의무 불이행,단일로,기타단일로,승용차,대형,보행자,보행자,1070583,1747497,128.2804001,35.72124675
2016,2016110208,40,주간,수,1,1,0,0,0,부산,서구,차대사람,차도통행중,차도통행중,운전자법규위반,안전운전 의무 불이행,단일로,횡단보도부근,승용차,중형,보행자,보행자,1138984,1681058,129.0251627,35.11513319
2016,2016120507,5,주간,월,1,1,0,0,0,울산,중구,차량단독,전도전복,전도전복,운전자법규위반,안전운전 의무 불이행,교차로,교차로내,이륜차,소형,,,1163445,1730103,129.3032752,35.55345721
2016,2016120519,50,야간,월,1,1,0,0,0,경기,여주시,차량단독,전도전복,전도전복,운전자법규위반,안전운전 의무 불이행,교차로,교차로부근,승용차,소형,,,1010525,1934709,127.6189341,37.41144945
2016,2016121010,0,주간,토,1,2,0,1,0,경기,김포시,차대차,정면충돌,정면충돌,운전자법규위반,안전운전 의무 불이행,단일로,교량위,화물차,소형,건설기계,건설기계,931697,1959527,126.7258892,37.63267004
2016,2016121506,50,주간,목,1,4,0,3,0,광주,북구,차대차,추돌,진행중 추돌,운전자법규위반,안전운전 의무 불이행,단일로,기타단일로,승용차,소형,화물차,중형,944057,1686568,126.8856465,35.17283648
2016,2016121608,15,주간,금,1,1,0,0,0,전북,고창군,차대차,측면직각충돌,측면직각충돌,운전자법규위반,안전운전 의무 불이행,교차로,교차로부근,건설기계,건설기계,자전거,자전거,924897,1724450,126.6717742,35.5131304
2016,2016121807,17,주간,일,1,1,0,0,0,서울,강동구,차대사람,기타,기타,운전자법규위반,안전운전 의무 불이행,단일로,기타단일로,화물차,소형,보행자,보행자,968694,1946999,127.1457177,37.52175649
2016,2016121310,30,주간,화,1,1,0,0,0,전남,영광군,차량단독,전도전복,전도전복,운전자법규위반,안전운전 의무 불이행,단일로,기타단일로,이륜차,사발이,,,912561,1690938,126.5393363,35.20998808
2016,2016100219,25,야간,일,1,1,0,0,0,인천,서구,차대사람,횡단중,횡단중,운전자법규위반,신호위반,단일로,횡단보도상,화물차,소형,보행자,보행자,927381,1951995,126.6777258,37.5644562
2016,2016093011,11,주간,금,1,1,0,0,0,경남,통영시,차대사람,횡단중,횡단중,운전자법규위반,신호위반,교차로,교차로내,승용차,중형,보행자,보행자,1084090,1650091,128.4197391,34.84198838
2016,2016111014,55,주간,목,1,1,0,0,0,경남,거제시,차량단독,전도전복,전도전복,운전자법규위반,안전운전 의무 불이행,단일로,기타단일로,건설기계,건설기계,,,1100276,1650085,128.5967473,34.84046697
2016,2016110706,30,주간,월,1,1,0,0,0,충남,천안시,차대사람,횡단중,횡단중,운전자법규위반,안전운전 의무 불이행,단일로,기타단일로,승용차,경형,보행자,보행자,976536,1879302,127.2365929,36.91176842
2016,2016110721,35,야간,월,1,2,0,1,0,광주,동구,차대차,측면직각충돌,측면직각충돌,운전자법규위반,신호위반,교차로,교차로내,승합차,대형,원동기장치자전거,원동기장치자전거,948020,1683854,126.9293363,35.14935518
2016,2016110805,30,야간,화,1,1,0,0,0,경기,평택시,차대사람,기타,기타,운전자법규위반,안전운전 의무 불이행,단일로,기타단일로,승용차,소형,보행자,보행자,956592,1903448,127.0113151,37.12871483
2016,2016110818,15,야간,화,1,1,0,0,0,경남,합천군,차대사람,기타,기타,운전자법규위반,안전운전 의무 불이행,단일로,기타단일로,승용차,경형,보행자,보행자,1066898,1731639,128.2383432,35.57853281
2016,2016110506,0,주간,토,1,2,1,0,0,전남,신안군,차대차,측면직각충돌,측면직각충돌,운전자법규위반,중앙선 침범,단일로,기타단일로,승용차,소형,승용차,중형,892595,1652410,126.3249969,34.86070067
2016,2016110515,35,주간,토,1,1,0,0,0,서울,동대문구,차량단독,전도전복,전도전복,운전자법규위반,안전운전 의무 불이행,단일로,기타단일로,이륜차,소형,,,961632,1954729,127.0653963,37.5911627
2016,2016102419,25,야간,월,1,1,0,0,0,충남,서천군,차대사람,차도통행중,차도통행중,운전자법규위반,안전운전 의무 불이행,교차로,교차로내,승용차,경형,보행자,보행자,928275,1787734,126.7033472,36.08390965
2016,2016102503,30,야간,화,1,1,0,0,0,경기,김포시,차량단독,기타,기타,운전자법규위반,안전운전 의무 불이행,단일로,기타단일로,화물차,중형,,,930833,1957451,126.7162944,37.61389517
2016,2016102420,35,야간,월,1,1,0,0,0,전북,전주시,차대차,기타,기타,운전자법규위반,신호위반,교차로,교차로내,승합차,대형,자전거,자전거,967144,1755669,127.1363811,35.79690867
2016,2016102811,20,주간,금,1,1,0,0,0,서울,용산구,차대사람,횡단중,횡단중,운전자법규위반,안전운전 의무 불이행,교차로,교차로내,승용차,중형,보행자,보행자,952399,1949038,126.9611852,37.53943736
2016,2016100510,14,주간,수,2,7,3,2,0,경기,용인시,차대사람,보도통행중,보도통행중,운전자법규위반,기타(운전자법규위반),단일로,기타단일로,화물차,소형,보행자,보행자,972794,1915217,127.1932846,37.23541244
2016,2016100605,17,야간,목,1,2,0,1,0,서울,구로구,차대차,정면충돌,정면충돌,운전자법규위반,중앙선 침범,단일로,기타단일로,이륜차,소형,승용차,경형,940713,1944426,126.8292864,37.49719169
2016,2016100201,45,야간,일,1,2,1,0,0,강원,동해시,차량단독,공작물충돌,공작물충돌,운전자법규위반,안전운전 의무 불이행,단일로,기타단일로,승용차,소형,,,1143676,1946865,129.1256342,37.50989168
2016,2016091800,47,야간,일,2,4,2,0,0,경기,안산시,차대사람,횡단중,횡단중,운전자법규위반,과속,교차로,교차로내,승용차,중형,보행자,보행자,939296,1923741,126.8149564,37.31066225
2016,2016091816,32,주간,일,1,3,2,0,0,서울,중구,차대차,측면직각충돌,측면직각충돌,운전자법규위반,안전거리 미확보,교차로,교차로부근,승용차,대형,승용차,중형,953127,1951258,126.9692836,37.55948398
2016,2016091502,50,야간,목,1,1,0,0,0,경북,청도군,차량단독,공작물충돌,공작물충돌,운전자법규위반,안전운전 의무 불이행,단일로,기타단일로,승용차,소형,,,1098143,1740224,128.5841873,35.65332051
2016,2016091421,40,야간,수,1,1,0,0,0,경기,오산시,차대사람,횡단중,횡단중,운전자법규위반,안전운전 의무 불이행,단일로,횡단보도상,승용차,경형,보행자,보행자,962111,1904821,127.0733766,37.14133086
2016,2016092003,0,야간,화,2,2,0,0,0,전북,완주군,차대차,추돌,진행중 추돌,운전자법규위반,안전운전 의무 불이행,교차로,교차로내,승용차,중형,화물차,대형,962066,1769279,127.0795364,35.91943218
2016,2016092921,40,야간,목,1,1,0,0,0,충남,아산시,차대차,추돌,진행중 추돌,운전자법규위반,안전운전 의무 불이행,단일로,기타단일로,승용차,중형,자전거,자전거,956685,1862200,127.0147259,36.7569018
2016,2016092516,30,주간,일,1,1,0,0,0,경기,여주시,차량단독,전도전복,전도전복,운전자법규위반,안전운전 의무 불이행,단일로,기타단일로,이륜차,소형,,,1013962,1921156,127.6575172,37.28923914
2016,2016092303,38,야간,금,1,1,0,0,0,대구,서구,차량단독,공작물충돌,공작물충돌,운전자법규위반,안전운전 의무 불이행,단일로,기타단일로,이륜차,소형,,,1092771,1763708,128.5275704,35.86554496
2016,2016092500,50,야간,일,1,1,0,0,0,경남,창원시(통합),차량단독,전도전복,전도전복,운전자법규위반,안전운전 의무 불이행,단일로,기타단일로,승용차,경형,,,1106223,1698060,128.6679229,35.27238125
2016,2016090404,58,야간,일,1,1,0,0,0,충남,보령시,차대사람,기타,기타,운전자법규위반,안전운전 의무 불이행,단일로,기타단일로,승용차,중형,보행자,보행자,913064,1805108,126.532495,36.23928403
2016,2016083004,40,야간,화,1,1,0,0,0,부산,중구,차량단독,공작물충돌,공작물충돌,운전자법규위반,안전운전 의무 불이행,단일로,기타단일로,이륜차,중형,,,1139630,1680807,129.0322067,35.11276144
2016,2016090300,40,야간,토,1,1,0,0,0,경기,용인시,차량단독,공작물충돌,공작물충돌,운전자법규위반,안전운전 의무 불이행,교차로,교차로부근,화물차,중형,,,977943,1927588,127.2509657,37.34705952
2016,2016090514,14,주간,월,1,1,0,0,0,충남,서산시,차량단독,전도전복,전도전복,운전자법규위반,안전운전 의무 불이행,단일로,기타단일로,이륜차,소형,,,901252,1868763,126.3929142,36.81190165
2016,2016083010,30,주간,화,1,1,0,0,0,충북,괴산군,차대차,측면직각충돌,측면직각충돌,운전자법규위반,안전운전 의무 불이행,단일로,기타단일로,이륜차,중형,화물차,소형,1013156,1868414,127.6475011,36.81381757
2016,2016090103,57,야간,목,1,1,0,0,0,대전,동구,차대사람,횡단중,횡단중,운전자법규위반,안전운전 의무 불이행,단일로,기타단일로,화물차,소형,보행자,보행자,993901,1815028,127.4320428,36.33261078
2016,2016101017,10,주간,월,1,1,0,0,0,충남,천안시,차대사람,차도통행중,차도통행중,운전자법규위반,안전운전 의무 불이행,단일로,기타단일로,승합차,소형,보행자,보행자,966344,1879364,127.1221766,36.91201854
2016,2016101401,30,야간,금,1,2,1,0,0,전남,무안군,차량단독,전도전복,전도전복,운전자법규위반,안전운전 의무 불이행,단일로,기타단일로,화물차,소형,,,893643,1677616,126.3332412,35.08805835
2016,2016100806,30,주간,토,1,5,3,1,0,경기,양평군,차대차,기타,기타,운전자법규위반,안전운전 의무 불이행,단일로,기타단일로,승용차,대형,승용차,중형,995037,1945802,127.4438426,37.51148518
2016,2016101317,50,주간,목,1,1,0,0,0,경기,평택시,차대차,추돌,진행중 추돌,운전자법규위반,안전운전 의무 불이행,단일로,기타단일로,승용차,중형,승용차,경형,961362,1897504,127.0653203,37.07534473
2016,2016101523,30,야간,토,1,1,0,0,0,경북,경주시,차대사람,기타,기타,운전자법규위반,안전운전 의무 불이행,교차로,교차로내,승용차,중형,승용차,중형,1160887,1762685,129.2815873,35.84750619
2016,2016101523,38,야간,토,1,1,0,0,0,세종,세종,차대사람,기타,기타,운전자법규위반,안전운전 의무 불이행,기타/불명,기타/불명,승용차,소형,보행자,보행자,981241,1844097,127.2902766,36.59450971
2016,2016101900,34,야간,수,1,1,0,0,0,경기,고양시,차대차,측면직각충돌,측면직각충돌,운전자법규위반,신호위반,교차로,교차로내,승용차,중형,이륜차,소형,944897,1953629,126.8759264,37.58039824
2016,2016101613,35,주간,일,1,1,0,0,0,울산,중구,차대사람,횡단중,횡단중,운전자법규위반,안전운전 의무 불이행,단일로,기타단일로,화물차,경형,보행자,보행자,1161178,1730245,129.2783026,35.55510837
2016,2016101711,10,주간,월,1,1,0,0,0,강원,동해시,차대사람,횡단중,횡단중,운전자법규위반,안전운전 의무 불이행,단일로,횡단보도상,승용차,중형,보행자,보행자,1142686,1948341,129.1147234,37.52334413
2016,2016102320,33,야간,일,1,1,0,0,0,전남,나주시,차대사람,차도통행중,차도통행중,운전자법규위반,안전운전 의무 불이행,단일로,기타단일로,화물차,소형,보행자,보행자,940049,1671796,126.8427043,35.03941075
2016,2016102506,43,주간,화,1,1,0,0,0,인천,중구,차대사람,횡단중,횡단중,운전자법규위반,안전운전 의무 불이행,교차로,교차로내,승합차,대형,보행자,보행자,920700,1939490,126.6034332,37.4512032
2016,2016102418,20,야간,월,1,1,0,0,0,경남,함양군,차대사람,차도통행중,차도통행중,운전자법규위반,안전운전 의무 불이행,단일로,기타단일로,승용차,경형,보행자,보행자,1022757,1720558,127.7508627,35.48061991
2016,2016102515,33,주간,화,1,1,0,0,0,부산,강서구,차대사람,횡단중,횡단중,운전자법규위반,신호위반,단일로,횡단보도상,승합차,대형,보행자,보행자,1129004,1679547,128.9196946,35.09575722
2016,2016102518,38,야간,화,1,2,1,0,0,충북,음성군,차대차,측면직각충돌,측면직각충돌,운전자법규위반,안전운전 의무 불이행,교차로,교차로내,이륜차,소형,화물차,중형,996898,1886783,127.4651461,36.97949288
2016,2016102713,0,주간,목,1,1,0,0,0,경남,창녕군,차대사람,횡단중,횡단중,운전자법규위반,안전운전 의무 불이행,교차로,교차로내,화물차,소형,보행자,보행자,1089079,1710773,128.4808352,35.38866966
2016,2016102417,51,주간,월,1,1,0,0,0,부산,금정구,차대사람,보도통행중,보도통행중,운전자법규위반,기타(운전자법규위반),단일로,기타단일로,승용차,경형,보행자,보행자,1144508,1697692,129.0885799,35.26430845
2016,2016102118,28,야간,금,1,3,1,1,0,전북,정읍시,차대차,추돌,진행중 추돌,운전자법규위반,안전운전 의무 불이행,단일로,기타단일로,화물차,소형,농기계,농기계,943024,1743299,126.8694485,35.68488739
2016,2016100620,11,야간,목,1,1,0,0,0,경북,울릉군,차량단독,전도전복,전도전복,운전자법규위반,안전운전 의무 불이행,교차로,교차로부근,이륜차,사발이,,,1296967,1953740,130.8608095,37.53518822
2016,2016091405,5,야간,수,1,1,0,0,0,대구,수성구,차량단독,전도전복,전도전복,운전자법규위반,안전운전 의무 불이행,교차로,교차로내,승용차,소형,,,1103671,1763892,128.6270641,35.86674161
2016,2016091319,20,야간,화,1,1,0,0,0,경북,영주시,차대사람,횡단중,횡단중,운전자법규위반,안전운전 의무 불이행,단일로,기타단일로,승용차,경형,보행자,보행자,1099154,1870422,128.6118531,36.82681177
2016,2016091404,40,야간,수,1,1,0,0,0,제주,제주시,차량단독,공작물충돌,공작물충돌,운전자법규위반,안전운전 의무 불이행,단일로,기타단일로,이륜차,소형,,,903134,1500427,126.4572257,33.49128376
2016,2016101718,45,야간,월,1,1,0,0,0,경북,영천시,차대사람,횡단중,횡단중,운전자법규위반,보행자 보호의무 위반,교차로,교차로부근,원동기장치자전거,원동기장치자전거,보행자,보행자,1130429,1793740,128.9495298,36.13193434
2016,2016101820,5,야간,화,1,1,0,0,0,광주,광산구,차대사람,횡단중,횡단중,운전자법규위반,안전운전 의무 불이행,교차로,교차로부근,승용차,중형,보행자,보행자,936985,1685274,126.808087,35.16075032
2016,2016101813,45,주간,화,1,1,0,0,0,전북,진안군,차대사람,횡단중,횡단중,운전자법규위반,안전운전 의무 불이행,단일로,기타단일로,화물차,중형,보행자,보행자,988335,1748494,127.3710064,35.73269742
2016,2016101912,40,주간,수,1,1,0,0,0,전남,여수시,차량단독,전도전복,전도전복,운전자법규위반,안전운전 의무 불이행,단일로,기타단일로,농기계,농기계,,,1005080,1646090,127.5555417,34.80937324
2016,2016102106,5,주간,금,1,1,0,0,0,경남,창원시(통합),차량단독,전도전복,전도전복,운전자법규위반,안전운전 의무 불이행,단일로,기타단일로,승용차,중형,,,1112526,1681511,128.7349501,35.1225025
2016,2016101910,0,주간,수,1,2,1,0,0,충북,청주시,차대차,측면직각충돌,측면직각충돌,운전자법규위반,중앙선 침범,단일로,기타단일로,화물차,소형,승용차,대형,999421,1852024,127.4935209,36.66615589
2016,2016101420,5,야간,금,1,1,0,0,0,경북,영천시,차대사람,횡단중,횡단중,운전자법규위반,보행자 보호의무 위반,단일로,횡단보도상,승용차,중형,보행자,보행자,1138728,1779368,129.0392062,36.00125408
2016,2016101418,25,야간,금,1,4,0,3,0,경기,김포시,차대차,기타,기타,운전자법규위반,안전운전 의무 불이행,단일로,기타단일로,승용차,소형,원동기장치자전거,원동기장치자전거,937356,1954570,126.7904453,37.58839693
2016,2016102700,14,야간,목,1,1,0,0,0,강원,원주시,차대사람,횡단중,횡단중,운전자법규위반,안전운전 의무 불이행,단일로,기타단일로,승용차,경형,보행자,보행자,1031676,1907028,127.856761,37.16145595
2016,2016102216,45,주간,토,1,2,0,1,0,경기,광명시,차대차,측면직각충돌,측면직각충돌,운전자법규위반,신호위반,교차로,교차로내,승용차,중형,원동기장치자전거,원동기장치자전거,946008,1939223,126.889567,37.45062095
2016,2016100517,50,주간,수,1,2,1,0,0,충북,진천군,차대차,정면충돌,정면충돌,운전자법규위반,중앙선 침범,교차로,교차로부근,원동기장치자전거,원동기장치자전거,화물차,경형,999439,1877990,127.4937032,36.90023314
2016,2016100606,14,주간,목,1,1,0,0,0,강원,속초시,차대차,측면직각충돌,측면직각충돌,운전자법규위반,안전운전 의무 불이행,교차로,교차로내,자전거,자전거,승용차,중형,1095094,2023657,128.5861706,38.20818936
2016,2016100619,45,야간,목,1,4,0,3,0,전남,장흥군,차대차,추돌,진행중 추돌,운전자법규위반,안전운전 의무 불이행,단일로,기타단일로,화물차,소형,화물차,소형,948714,1620215,126.9408522,34.57476711
2016,2016100203,50,야간,일,1,3,2,0,0,경기,김포시,차대차,측면직각충돌,측면직각충돌,운전자법규위반,신호위반,교차로,교차로내,이륜차,소형,승용차,소형,931317,1955432,126.7221388,37.59549445
2016,2016100218,35,야간,일,1,1,0,0,0,경남,창녕군,차량단독,기타,기타,운전자법규위반,안전운전 의무 불이행,단일로,기타단일로,이륜차,소형,,,1092037,1715006,128.5138786,35.42656313
2016,2016100420,0,야간,화,1,1,0,0,0,전남,완도군,차량단독,전도전복,전도전복,운전자법규위반,안전운전 의무 불이행,단일로,기타단일로,농기계,농기계,,,944415,1576910,126.8967912,34.18402507
2016,2016100419,0,야간,화,1,1,0,0,0,경기,부천시,차대차,정면충돌,정면충돌,운전자법규위반,신호위반,교차로,교차로내,승용차,중형,이륜차,대형,937402,1945250,126.7917615,37.50439979
2016,2016100514,20,주간,수,1,2,1,0,0,제주,제주시,차대차,측면직각충돌,측면직각충돌,운전자법규위반,직진 및 우회전차의 통행방해,교차로,교차로내,승용차,소형,화물차,소형,906340,1499552,126.4917865,33.48373669
2016,2016100513,5,주간,수,1,4,2,1,0,충남,당진시,차대차,추돌,진행중 추돌,운전자법규위반,안전운전 의무 불이행,단일로,기타단일로,승용차,경형,화물차,대형,936131,1885025,126.7825447,36.96148304
2016,2016100617,30,주간,목,1,1,0,0,0,전북,전주시,차대차,측면직각충돌,측면직각충돌,운전자법규위반,안전운전 의무 불이행,단일로,횡단보도상,승합차,중형,자전거,자전거,966977,1760043,127.1343521,35.8363392
2016,2016100621,16,야간,목,1,1,0,0,0,경남,고성군,차대사람,횡단중,횡단중,운전자법규위반,과속,단일로,기타단일로,승용차,중형,보행자,보행자,1074296,1664452,128.3139037,34.97223954
2016,2016100709,58,주간,금,1,1,0,0,0,제주,제주시,차대사람,횡단중,횡단중,운전자법규위반,안전운전 의무 불이행,단일로,기타단일로,승합차,경형,보행자,보행자,908662,1502577,126.5164391,33.51122038
2016,2016092009,30,주간,화,1,1,0,0,0,경북,안동시,차량단독,전도전복,전도전복,운전자법규위반,안전운전 의무 불이행,단일로,기타단일로,이륜차,사발이,,,1111500,1849662,128.7472349,36.63833331
2016,2016091709,35,주간,토,1,1,0,0,0,경기,수원시,차대차,기타,기타,운전자법규위반,신호위반,단일로,기타단일로,승합차,중형,자전거,자전거,957144,1919845,127.0165876,37.27653956
2016,2016091810,43,주간,일,1,2,0,1,0,강원,원주시,차대차,추돌,진행중 추돌,운전자법규위반,안전운전 의무 불이행,단일로,기타단일로,화물차,소형,이륜차,소형,1039625,1931812,127.9476212,37.3847618
2016,2016091821,1,야간,일,1,1,0,0,0,인천,서구,차대사람,기타,기타,운전자법규위반,안전운전 의무 불이행,단일로,기타단일로,승용차,소형,보행자,보행자,924756,1946638,126.6492896,37.5227023
2016,2016091600,2,야간,금,1,1,0,0,0,경남,고성군,차대사람,횡단중,횡단중,운전자법규위반,안전운전 의무 불이행,단일로,횡단보도부근,승용차,대형,보행자,보행자,1078681,1673129,128.3627574,35.05014341
2016,2016092311,30,주간,금,1,1,0,0,0,경남,김해시,차대차,추돌,진행중 추돌,운전자법규위반,안전운전 의무 불이행,단일로,기타단일로,건설기계,건설기계,이륜차,소형,1111606,1701944,128.7276258,35.30680947
2016,2016092221,50,야간,목,1,1,0,0,0,경기,부천시,차대사람,횡단중,횡단중,운전자법규위반,안전운전 의무 불이행,교차로,교차로부근,승용차,대형,보행자,보행자,936782,1944047,126.7848507,37.49351493
2016,2016092417,51,주간,토,1,1,0,0,0,전북,부안군,차량단독,전도전복,전도전복,운전자법규위반,안전운전 의무 불이행,단일로,기타단일로,자전거,자전거,,,908202,1738390,126.4861048,35.63739746
2016,2016092708,43,주간,화,1,1,0,0,0,전남,나주시,차대차,측면직각충돌,측면직각충돌,운전자법규위반,안전운전 의무 불이행,교차로,교차로부근,원동기장치자전거,원동기장치자전거,승합차,대형,928192,1667666,126.7130724,35.00139853
2016,2016092322,5,야간,금,1,3,0,2,0,광주,동구,차대사람,횡단중,횡단중,운전자법규위반,안전운전 의무 불이행,단일로,기타단일로,승용차,중형,보행자,보행자,946824,1683984,126.9161982,35.14968754
2016,2016092300,50,야간,금,1,1,0,0,0,부산,영도구,차대사람,횡단중,횡단중,운전자법규위반,안전운전 의무 불이행,단일로,기타단일로,승용차,중형,보행자,보행자,1140758,1678634,129.0442111,35.09301694
2016,2016090510,0,주간,월,1,1,0,0,0,서울,중구,차대사람,횡단중,횡단중,운전자법규위반,안전운전 의무 불이행,단일로,기타단일로,건설기계,건설기계,보행자,보행자,953770,1951742,126.9765331,37.56387887
2016,2016090217,45,주간,금,1,1,0,0,0,경북,포항시,차량단독,전도전복,전도전복,운전자법규위반,안전운전 의무 불이행,단일로,기타단일로,화물차,소형,,,1164963,1780706,129.330443,36.00922392
2016,2016090323,35,야간,토,2,2,0,0,0,경남,함양군,차량단독,전도전복,전도전복,운전자법규위반,안전운전 의무 불이행,단일로,기타단일로,이륜차,소형,,,1021187,1723904,127.7336432,35.51082427
2016,2016090511,55,주간,월,1,1,0,0,0,경북,고령군,차대차,측면직각충돌,측면직각충돌,운전자법규위반,안전운전 의무 불이행,단일로,기타단일로,승용차,대형,자전거,자전거,1084069,1746153,128.4293511,35.70807108
2016,2016101008,40,주간,월,1,1,0,0,0,경기,수원시,차대사람,횡단중,횡단중,운전자법규위반,보행자 보호의무 위반,교차로,교차로내,화물차,소형,보행자,보행자,957296,1920581,127.0182598,37.28318062
2016,2016101009,20,주간,월,1,1,0,0,0,충남,부여군,차대차,측면직각충돌,측면직각충돌,운전자법규위반,과속,단일로,기타단일로,승용차,중형,자전거,자전거,946127,1808927,126.900164,36.27612233
2016,2016101009,20,주간,월,1,3,2,0,0,광주,동구,차대차,기타,기타,운전자법규위반,과속,교차로,교차로부근,화물차,중형,승용차,중형,948908,1678726,126.9394017,35.10238517
2016,2016100915,58,주간,일,1,1,0,0,0,전남,광양시,차대차,측면직각충돌,측면직각충돌,운전자법규위반,신호위반,교차로,교차로내,원동기장치자전거,원동기장치자전거,화물차,경형,1020082,1669294,127.7201219,35.01842999
2016,2016101305,0,야간,목,1,1,0,0,0,부산,중구,차대사람,기타,기타,운전자법규위반,안전운전 의무 불이행,단일로,횡단보도상,승용차,경형,보행자,보행자,1139604,1679595,129.031717,35.10184002
2016,2016112505,23,야간,금,1,1,0,0,0,부산,동구,차대사람,횡단중,횡단중,운전자법규위반,신호위반,교차로,교차로부근,건설기계,건설기계,보행자,보행자,1140548,1681846,129.0424807,35.12204308
2016,2016102112,5,주간,금,2,2,0,0,0,전남,여수시,차대차,측면직각충돌,측면직각충돌,운전자법규위반,신호위반,교차로,교차로내,이륜차,중형,화물차,중형,1013587,1642779,127.6484985,34.77943759
2016,2016101906,15,주간,수,2,2,0,0,0,충남,논산시,차대차,측면직각충돌,측면직각충돌,운전자법규위반,교차로 통행방법 위반,교차로,교차로내,화물차,경형,이륜차,소형,963862,1792733,127.0983712,36.13095411
2016,2016101812,0,주간,화,1,1,0,0,0,서울,광진구,차대사람,횡단중,횡단중,운전자법규위반,안전운전 의무 불이행,단일로,기타단일로,화물차,소형,보행자,보행자,963430,1948728,127.0860616,37.53714693
2016,2016101418,40,야간,금,1,1,0,0,0,충북,충주시,차대사람,횡단중,횡단중,운전자법규위반,안전운전 의무 불이행,단일로,기타단일로,승용차,경형,보행자,보행자,1039731,1886129,127.9463754,36.97276344
2016,2016102718,10,야간,목,1,1,0,0,0,전남,해남군,차대사람,횡단중,횡단중,운전자법규위반,안전운전 의무 불이행,단일로,기타단일로,승용차,대형,보행자,보행자,909937,1596938,126.5205823,34.36221205
2016,2016102808,15,주간,금,1,2,1,0,0,경북,고령군,차량단독,기타,기타,운전자법규위반,안전운전 의무 불이행,단일로,기타단일로,화물차,소형,,,1067526,1744020,128.2463108,35.69011388
2016,2016093014,45,주간,금,1,1,0,0,0,서울,금천구,차대차,측면직각충돌,측면직각충돌,운전자법규위반,안전거리 미확보,단일로,기타단일로,이륜차,소형,승합차,대형,946756,1941211,126.8979596,37.46878224
2016,2016093020,10,야간,금,1,1,0,0,0,전북,전주시,차대차,기타,기타,운전자법규위반,안전운전 의무 불이행,교차로,교차로내,승용차,중형,승용차,중형,970298,1759101,127.1711585,35.82795234
2016,2016100509,12,주간,수,1,1,0,0,0,서울,광진구,차대사람,횡단중,횡단중,운전자법규위반,보행자 보호의무 위반,교차로,교차로내,화물차,중형,보행자,보행자,962319,1948626,127.0734916,37.53618281
2016,2016093004,0,야간,금,1,1,0,0,0,경기,광주시,차량단독,전도전복,전도전복,운전자법규위반,안전운전 의무 불이행,교차로,교차로내,원동기장치자전거,원동기장치자전거,,,981224,1932301,127.2878899,37.38961376
2016,2016091909,45,주간,월,1,1,0,0,0,경기,고양시,차대차,기타,기타,운전자법규위반,안전운전 의무 불이행,교차로,교차로내,건설기계,건설기계,자전거,자전거,933253,1963964,126.7431169,37.67277353
2016,2016092022,20,야간,화,1,1,0,0,0,울산,중구,차대차,측면직각충돌,측면직각충돌,운전자법규위반,신호위반,교차로,교차로내,승용차,중형,자전거,자전거,1165121,1730048,129.3217468,35.55268362
2016,2016092911,30,주간,목,1,1,0,0,0,경기,수원시,차대사람,횡단중,횡단중,운전자법규위반,보행자 보호의무 위반,교차로,교차로내,승합차,대형,보행자,보행자,959636,1918475,127.0447707,37.2643022
2016,2016092220,5,야간,목,1,1,0,0,0,인천,서구,차대차,정면충돌,정면충돌,운전자법규위반,중앙선 침범,단일로,기타단일로,화물차,소형,승용차,소형,927536,1946973,126.6799767,37.51920675
2016,2016092219,10,야간,목,1,1,0,0,0,전북,군산시,차대차,측면직각충돌,측면직각충돌,운전자법규위반,안전운전 의무 불이행,단일로,기타단일로,승용차,경형,자전거,자전거,939051,1779035,126.8236996,36.00622187
2016,2016092814,5,주간,수,1,1,0,0,0,충남,논산시,차량단독,공작물충돌,공작물충돌,운전자법규위반,안전운전 의무 불이행,단일로,기타단일로,화물차,소형,,,964085,1787053,127.1011085,36.07975397
2016,2016090108,30,주간,목,1,1,0,0,0,전남,담양군,차량단독,전도전복,전도전복,운전자법규위반,안전운전 의무 불이행,기타/불명,기타/불명,승용차,중형,,,943610,1699502,126.8798511,35.28943177
2016,2016090109,50,주간,목,1,4,0,3,0,광주,광산구,차대차,측면직각충돌,측면직각충돌,운전자법규위반,안전운전 의무 불이행,단일로,교량위,화물차,소형,화물차,소형,933854,1678320,126.7760995,35.07113797
2016,2016090508,45,주간,월,1,1,0,0,0,전북,전주시,차대차,측면직각충돌,측면직각충돌,운전자법규위반,안전거리 미확보,단일로,기타단일로,이륜차,소형,승용차,경형,960104,1758859,127.0624794,35.82509848