발생년,발생년월일시,발생분,주야,요일,사망자수,사상자수,중상자수,경상자수,부상신고자수,발생지시도,발생지시군구,사고유형_대분류,사고유형_중분류,사고유형,법규위반_대분류,법규위반,도로형태_대분류,도로형태,당사자종별_1당_대분류,당사자종별_1당,당사자종별_2당_대분류,당사자종별_2당,발생위치X_UTMK,발생위치Y_UTMK,경도,위도
2016,2016090611,37,주간,화,1,1,0,0,0,충북,청주시,차대사람,기타,기타,운전자법규위반,부당한 회전,단일로,기타단일로,화물차,소형,보행자,보행자,994142,1847743,127.4344803,36.62754498
2016,2016083106,15,주간,수,1,2,0,0,1,경기,가평군,차대차,추돌,진행중 추돌,운전자법규위반,안전운전 의무 불이행,교차로,교차로부근,화물차,소형,화물차,중형,993067,1971149,127.4213111,37.73993679
2016,2016090415,40,주간,일,3,6,1,2,0,충남,아산시,차대차,정면충돌,정면충돌,운전자법규위반,중앙선 침범,단일로,기타단일로,승용차,중형,승합차,대형,949466,1869598,126.9333612,36.82323232
2016,2016090500,22,야간,월,1,1,0,0,0,광주,광산구,차대사람,횡단중,횡단중,운전자법규위반,안전운전 의무 불이행,단일로,기타단일로,승용차,경형,보행자,보행자,937167,1685346,126.8100798,35.1614109
2016,2016090511,50,주간,월,1,1,0,0,0,대구,남구,차대사람,횡단중,횡단중,운전자법규위반,안전운전 의무 불이행,단일로,기타단일로,화물차,중형,보행자,보행자,1098482,1761654,128.5906493,35.84888869
2016,2016090207,20,주간,금,1,1,0,0,0,대구,북구,차대사람,횡단중,횡단중,운전자법규위반,안전운전 의무 불이행,교차로,교차로내,승용차,중형,보행자,보행자,1098889,1765324,128.5955257,35.87951369
2016,2016101000,20,야간,월,1,1,0,0,0,경북,구미시,차대사람,횡단중,횡단중,운전자법규위반,안전운전 의무 불이행,교차로,교차로부근,승용차,중형,보행자,보행자,1076361,1794850,128.3488303,36.14770548
2016,2016101100,45,야간,화,1,1,0,0,0,충북,충주시,차대사람,차도통행중,차도통행중,운전자법규위반,안전운전 의무 불이행,단일로,기타단일로,승용차,중형,보행자,보행자,1025000,1886938,127.7756826,36.97254239
2016,2016101006,8,주간,월,1,1,0,0,0,충북,제천시,차대사람,횡단중,횡단중,운전자법규위반,안전운전 의무 불이행,기타/불명,기타/불명,화물차,소형,보행자,보행자,1064074,1906147,128.2215585,37.15185496
2016,2016102123,47,야간,금,1,1,0,0,0,대전,서구,차대차,측면직각충돌,측면직각충돌,운전자법규위반,신호위반,교차로,교차로내,승용차,중형,이륜차,소형,990589,1816842,127.3951174,36.34893806
2016,2016101416,5,주간,금,1,1,0,0,0,경남,진주시,차대사람,횡단중,횡단중,운전자법규위반,보행자 보호의무 위반,교차로,교차로내,승용차,대형,보행자,보행자,1053036,1688819,128.0825758,35.19329077
2016,2016102021,34,야간,목,1,1,0,0,0,서울,중구,차대사람,횡단중,횡단중,운전자법규위반,안전운전 의무 불이행,교차로,교차로부근,승용차,중형,보행자,보행자,956561,1951079,127.0081741,37.55803898
2016,2016102018,0,야간,목,1,1,0,0,0,충북,충주시,차대차,측면직각충돌,측면직각충돌,운전자법규위반,안전운전 의무 불이행,교차로,교차로부근,화물차,소형,자전거,자전거,1039660,1887749,127.9456629,36.98736941
2016,2016102015,35,주간,목,1,2,0,1,0,전남,신안군,차대차,측면직각충돌,측면직각충돌,운전자법규위반,안전운전 의무 불이행,교차로,교차로내,농기계,농기계,화물차,대형,876511,1644893,126.1501859,34.79110627
2016,2016101921,50,야간,수,1,1,0,0,0,경남,남해군,차대사람,횡단중,횡단중,운전자법규위반,안전운전 의무 불이행,단일로,기타단일로,승용차,경형,보행자,보행자,1046813,1652203,128.012158,34.86343251
2016,2016101604,30,야간,일,1,2,1,0,0,경북,성주군,차량단독,공작물충돌,공작물충돌,운전자법규위반,안전운전 의무 불이행,단일로,기타단일로,승용차,소형,,,1072831,1771751,128.3074652,35.93974019
2016,2016102805,59,야간,금,1,2,1,0,0,경기,안성시,차대차,기타,기타,운전자법규위반,중앙선 침범,단일로,기타단일로,승용차,소형,승용차,중형,976671,1889280,127.2378003,37.00171746
2016,2016102820,35,야간,금,1,1,0,0,0,서울,중랑구,차대사람,횡단중,횡단중,운전자법규위반,보행자 보호의무 위반,교차로,교차로부근,승용차,중형,보행자,보행자,962884,1955045,127.0795616,37.59406226
2016,2016102416,25,주간,월,1,2,0,1,0,경기,파주시,차대차,정면충돌,정면충돌,운전자법규위반,중앙선 침범,단일로,기타단일로,원동기장치자전거,원동기장치자전거,화물차,중형,940188,1985492,126.819977,37.86727559
2016,2016100722,15,야간,금,1,1,0,0,0,경기,하남시,차대사람,횡단중,횡단중,운전자법규위반,안전운전 의무 불이행,단일로,기타단일로,승용차,중형,보행자,보행자,972365,1951989,127.187073,37.56685099
2016,2016100221,59,야간,일,1,1,0,0,0,전북,전주시,차대사람,기타,기타,운전자법규위반,안전운전 의무 불이행,단일로,기타단일로,승용차,대형,보행자,보행자,965653,1757371,127.1196713,35.81241348
2016,2016100214,47,주간,일,1,1,0,0,0,충북,괴산군,차량단독,전도전복,전도전복,운전자법규위반,안전운전 의무 불이행,교차로,교차로부근,이륜차,대형,,,1044628,1862314,127.9999903,36.75786854
2016,2016100512,35,주간,수,1,1,0,0,0,서울,노원구,차대사람,횡단중,횡단중,운전자법규위반,안전운전 의무 불이행,교차로,교차로부근,화물차,중형,보행자,보행자,960635,1964394,127.0535825,37.67823303
2016,2016111405,53,야간,월,1,1,0,0,0,서울,동대문구,차대사람,횡단중,횡단중,운전자법규위반,안전운전 의무 불이행,단일로,기타단일로,승용차,경형,보행자,보행자,960648,1953780,127.0543016,37.58256755
2016,2016100713,30,주간,금,1,1,0,0,0,경기,광명시,차대차,측면직각충돌,측면직각충돌,운전자법규위반,중앙선 침범,단일로,기타단일로,화물차,소형,이륜차,소형,944744,1933807,126.8756825,37.40173055
2016,2016102611,55,주간,수,1,1,0,0,0,전남,광양시,차량단독,전도전복,전도전복,운전자법규위반,안전운전 의무 불이행,교차로,교차로부근,원동기장치자전거,원동기장치자전거,,,1023417,1660913,127.7564413,34.94278352
2016,2016102706,10,주간,목,1,1,0,0,0,경기,평택시,차대사람,기타,기타,운전자법규위반,안전운전 의무 불이행,단일로,기타단일로,건설기계,건설기계,보행자,보행자,942647,1884775,126.855755,36.95964924
2016,2016092211,30,주간,목,1,1,0,0,0,전남,영광군,차대차,측면직각충돌,측면직각충돌,운전자법규위반,안전운전 의무 불이행,교차로,교차로내,자전거,자전거,화물차,소형,904581,1694538,126.4512576,35.24171688
2016,2016091905,35,야간,월,1,1,0,0,0,대전,대덕구,차대사람,횡단중,횡단중,운전자법규위반,안전운전 의무 불이행,단일로,기타단일로,승용차,경형,보행자,보행자,994737,1816843,127.4413455,36.34897871
2016,2016091309,40,주간,화,1,3,0,2,0,경북,경산시,차대차,기타,기타,운전자법규위반,교차로 통행방법 위반,교차로,교차로내,승용차,경형,승용차,경형,1120395,1765421,128.8337383,35.87797915
2016,2016091400,46,야간,수,1,1,0,0,0,충북,청주시,차대사람,기타,기타,운전자법규위반,과속,단일로,기타단일로,승용차,중형,보행자,보행자,995430,1849547,127.4488754,36.64381505
2016,2016091912,0,주간,월,1,1,0,0,0,경기,광주시,차대차,측면직각충돌,측면직각충돌,운전자법규위반,교차로 통행방법 위반,교차로,교차로내,승합차,중형,이륜차,소형,978409,1933910,127.2560425,37.40405556
2016,2016091917,0,주간,월,1,1,0,0,0,경기,부천시,차대차,기타,기타,운전자법규위반,안전운전 의무 불이행,단일로,기타단일로,자전거,자전거,승용차,중형,938316,1947154,126.801942,37.52162204
2016,2016092318,37,야간,금,1,3,2,0,0,경북,안동시,차대차,기타,기타,운전자법규위반,직진 및 우회전차의 통행방해,교차로,교차로내,승용차,대형,농기계,농기계,1127288,1825026,128.9197288,36.41432506
2016,2016092611,8,주간,월,1,2,1,0,0,전북,군산시,차대사람,횡단중,횡단중,운전자법규위반,안전운전 의무 불이행,교차로,교차로내,승용차,경형,보행자,보행자,929650,1776169,126.7195585,35.97997498
2016,2016092509,50,주간,일,1,1,0,0,0,울산,남구,차량단독,전도전복,전도전복,운전자법규위반,안전운전 의무 불이행,단일로,기타단일로,자전거,자전거,,,1162666,1729140,129.2944908,35.54490669
2016,2016092217,50,주간,목,1,1,0,0,0,서울,서초구,차대사람,기타,기타,운전자법규위반,안전운전 의무 불이행,단일로,기타단일로,승합차,대형,보행자,보행자,957592,1943543,127.020282,37.4901627
2016,2016082915,30,주간,월,1,1,0,0,0,경기,남양주시,차량단독,전도전복,전도전복,운전자법규위반,안전운전 의무 불이행,단일로,기타단일로,자전거,자전거,,,971870,1972300,127.1806848,37.74990482
2016,2016083019,0,야간,화,1,1,0,0,0,전남,여수시,차대차,추돌,진행중 추돌,운전자법규위반,안전운전 의무 불이행,단일로,기타단일로,승합차,대형,자전거,자전거,1011130,1636927,127.6215675,34.72669529
2016,2016083117,15,주간,수,1,1,0,0,0,경북,문경시,차량단독,전도전복,전도전복,운전자법규위반,안전운전 의무 불이행,단일로,기타단일로,승용차,경형,,,1044451,1842600,127.9968636,36.58016319
2016,2016090122,20,야간,목,1,3,0,2,0,경남,창녕군,차대차,추돌,진행중 추돌,운전자법규위반,안전운전 의무 불이행,단일로,교량위,승용차,중형,승용차,경형,1091858,1721461,128.512636,35.48477375
2016,2016101018,55,야간,월,1,1,0,0,0,인천,남구,차대사람,횡단중,횡단중,운전자법규위반,기타(운전자법규위반),교차로,교차로부근,화물차,소형,보행자,보행자,924596,1937749,126.6476549,37.43583794
2016,2016101019,30,야간,월,1,1,0,0,0,경기,화성시,차대사람,횡단중,횡단중,운전자법규위반,안전운전 의무 불이행,단일로,기타단일로,승용차,중형,보행자,보행자,959006,1911742,127.0380362,37.20358489
2016,2016101111,55,주간,화,1,4,1,2,0,인천,강화군,차대차,정면충돌,정면충돌,운전자법규위반,중앙선 침범,단일로,기타단일로,승용차,경형,승용차,경형,913654,1961305,126.5212135,37.64717488
2016,2016101203,17,야간,수,1,1,0,0,0,경기,안양시,차대사람,횡단중,횡단중,운전자법규위반,안전운전 의무 불이행,교차로,교차로부근,화물차,소형,보행자,보행자,947403,1936406,126.9055389,37.42531096
2016,2016101512,10,주간,토,1,1,0,0,0,충남,천안시,차량단독,전도전복,전도전복,운전자법규위반,안전운전 의무 불이행,단일로,기타단일로,이륜차,소형,,,965610,1873573,127.1141996,36.85978967
2016,2016101613,33,주간,일,1,1,0,0,0,대구,달성군,차량단독,전도전복,전도전복,운전자법규위반,안전운전 의무 불이행,단일로,기타단일로,화물차,소형,,,1085327,1741858,128.4426286,35.66910787
2016,2016102320,44,야간,일,1,1,0,0,0,경기,의정부시,차대사람,기타,기타,운전자법규위반,안전운전 의무 불이행,단일로,횡단보도부근,승합차,대형,보행자,보행자,959835,1972863,127.0440428,37.75452986
2016,2016102518,15,야간,화,1,1,0,0,0,경북,영천시,차대사람,횡단중,횡단중,운전자법규위반,보행자 보호의무 위반,단일로,횡단보도상,화물차,소형,보행자,보행자,1128897,1775305,128.9295008,35.96598357
2016,2016100321,28,야간,월,1,1,0,0,0,전북,진안군,차대차,추돌,진행중 추돌,운전자법규위반,안전운전 의무 불이행,단일로,기타단일로,승용차,중형,농기계,농기계,990926,1744405,127.3997043,35.69585683
2016,2016100600,10,야간,목,1,1,0,0,0,충북,제천시,차대사람,기타,기타,운전자법규위반,안전운전 의무 불이행,단일로,기타단일로,승용차,중형,보행자,보행자,1063559,1903678,128.2155497,37.12963577
2016,2016100610,5,주간,목,1,1,0,0,0,대구,북구,차대차,측면직각충돌,측면직각충돌,운전자법규위반,안전운전 의무 불이행,교차로,교차로내,승용차,중형,자전거,자전거,1099202,1769945,128.599565,35.92095021
2016,2016102501,45,야간,화,1,1,0,0,0,경기,수원시,차대사람,차도통행중,차도통행중,운전자법규위반,안전운전 의무 불이행,단일로,기타단일로,승용차,중형,보행자,보행자,957615,1921417,127.0218106,37.29073065
2016,2016102418,20,야간,월,1,1,0,0,0,경기,시흥시,차대사람,횡단중,횡단중,운전자법규위반,신호위반,교차로,교차로내,화물차,소형,보행자,보행자,940996,1939623,126.8328727,37.45391995
2016,2016102605,25,야간,수,1,4,2,1,0,대구,북구,차대차,정면충돌,정면충돌,운전자법규위반,중앙선 침범,단일로,기타단일로,승용차,소형,승용차,중형,1094559,1768432,128.547933,35.90795893
2016,2016102721,46,야간,목,1,1,0,0,0,강원,양양군,차대사람,횡단중,횡단중,운전자법규위반,안전운전 의무 불이행,교차로,교차로내,승용차,중형,보행자,보행자,1105885,2004139,128.7065044,38.03111339
2016,2016102610,45,주간,수,1,1,0,0,0,경기,고양시,차량단독,공작물충돌,공작물충돌,운전자법규위반,안전운전 의무 불이행,교차로,교차로부근,이륜차,소형,,,944530,1956974,126.8715166,37.6105246
2016,2016102709,30,주간,목,1,1,0,0,0,경기,안양시,차대사람,횡단중,횡단중,운전자법규위반,안전운전 의무 불이행,단일로,기타단일로,승합차,소형,보행자,보행자,947893,1934462,126.9112139,37.4078168
2016,2016102802,5,야간,금,1,1,0,0,0,부산,진구,차대사람,횡단중,횡단중,운전자법규위반,안전운전 의무 불이행,단일로,기타단일로,승용차,중형,보행자,보행자,1142578,1686773,129.0658268,35.16597386
2016,2016102723,35,야간,목,1,1,0,0,0,경남,창원시(통합),차대차,측면직각충돌,측면직각충돌,운전자법규위반,신호위반,교차로,교차로내,승용차,중형,이륜차,소형,1091399,1693691,128.504471,35.23445536
2016,2016091421,20,야간,수,1,1,0,0,0,경남,하동군,차대사람,횡단중,횡단중,운전자법규위반,안전운전 의무 불이행,단일로,횡단보도부근,승용차,경형,보행자,보행자,1027061,1677267,127.7968791,35.09016159
2016,2016092007,45,주간,화,1,1,0,0,0,전남,장성군,차대차,측면직각충돌,측면직각충돌,운전자법규위반,신호위반,교차로,교차로내,화물차,대형,승용차,소형,933875,1701094,126.7726691,35.30318944
2016,2016092904,35,야간,목,1,1,0,0,0,경기,의정부시,차대사람,횡단중,횡단중,운전자법규위반,신호위반,교차로,교차로내,승용차,중형,보행자,보행자,959137,1972744,127.036126,37.75342639
2016,2016092421,0,야간,토,1,1,0,0,0,대구,동구,차대사람,횡단중,횡단중,운전자법규위반,신호위반,단일로,횡단보도부근,화물차,소형,보행자,보행자,1107781,1764794,128.6935309,35.87379074
2016,2016083010,30,주간,화,1,2,1,0,0,경북,상주시,차대차,추돌,진행중 추돌,운전자법규위반,안전운전 의무 불이행,단일로,기타단일로,승용차,중형,농기계,농기계,1056974,1824476,128.1354995,36.41611634
2016,2016092014,55,주간,화,1,1,0,0,0,서울,금천구,차대사람,기타,기타,운전자법규위반,안전운전 의무 불이행,교차로,교차로부근,승용차,중형,보행자,보행자,947157,1940990,126.9024302,37.46661373
2016,2016090121,0,야간,목,1,2,0,0,1,서울,동대문구,차대차,추돌,진행중 추돌,운전자법규위반,안전거리 미확보,단일로,기타단일로,자전거,자전거,자전거,자전거,958300,1953007,127.0277531,37.57549691
2016,2016090517,35,주간,월,1,2,1,0,0,충북,영동군,차대차,정면충돌,정면충돌,운전자법규위반,중앙선 침범,단일로,기타단일로,화물차,소형,건설기계,건설기계,1031154,1798599,127.8464714,36.18401219
2016,2016090305,48,야간,토,1,1,0,0,0,대구,서구,차대사람,횡단중,횡단중,운전자법규위반,안전운전 의무 불이행,단일로,횡단보도상,승용차,중형,보행자,보행자,1097258,1764413,128.5777033,35.87140309
2016,2016090315,50,주간,토,1,1,0,0,0,전남,나주시,차량단독,전도전복,전도전복,운전자법규위반,안전운전 의무 불이행,단일로,기타단일로,농기계,농기계,,,942057,1664611,126.8652192,34.97474176
2016,2016101212,33,주간,수,1,1,0,0,0,전남,영암군,차대사람,횡단중,횡단중,운전자법규위반,과속,교차로,교차로부근,승용차,대형,보행자,보행자,926698,1647113,126.6985045,34.81597125
2016,2016101200,40,야간,수,1,1,0,0,0,강원,원주시,차대사람,횡단중,횡단중,운전자법규위반,안전운전 의무 불이행,단일로,횡단보도부근,승용차,경형,보행자,보행자,1035415,1928442,127.8998908,37.35434358
2016,2016101411,45,주간,금,1,4,2,1,0,경기,파주시,차대차,정면충돌,정면충돌,운전자법규위반,중앙선 침범,단일로,기타단일로,승용차,중형,화물차,경형,947022,1978727,126.8981664,37.80672811
2016,2016100902,37,야간,일,1,1,0,0,0,부산,중구,차대사람,기타,기타,운전자법규위반,중앙선 침범,단일로,기타단일로,승용차,중형,보행자,보행자,1138834,1679729,129.0224199,35.10323564
2016,2016101318,40,야간,목,1,1,0,0,0,충남,천안시,차대사람,횡단중,횡단중,운전자법규위반,안전운전 의무 불이행,단일로,기타단일로,승용차,중형,보행자,보행자,965293,1872756,127.1106808,36.85241327
2016,2016102004,0,야간,목,1,1,0,0,0,서울,서대문구,차대사람,차도통행중,차도통행중,운전자법규위반,안전운전 의무 불이행,교차로,교차로내,승용차,소형,보행자,보행자,948036,1953683,126.9114718,37.58106754
2016,2016101707,20,주간,월,1,1,0,0,0,강원,횡성군,차대차,측면직각충돌,측면직각충돌,운전자법규위반,안전운전 의무 불이행,교차로,교차로내,특수차,대형,자전거,자전거,1062356,1944664,128.205451,37.49913456
2016,2016101806,2,주간,화,1,1,0,0,0,서울,용산구,차대사람,횡단중,횡단중,운전자법규위반,안전운전 의무 불이행,교차로,교차로내,승용차,중형,보행자,보행자,955952,1948373,127.0014415,37.53362019
2016,2016101619,15,야간,일,1,1,0,0,0,대구,동구,차대사람,횡단중,횡단중,운전자법규위반,보행자 보호의무 위반,교차로,교차로내,승용차,중형,보행자,보행자,1108766,1764690,128.7048621,35.87265796
2016,2016102205,28,야간,토,1,1,0,0,0,경북,성주군,차대사람,기타,기타,운전자법규위반,안전운전 의무 불이행,단일로,기타단일로,특수차,대형,보행자,보행자,1074295,1768685,128.3234082,35.91198955
2016,2016102300,42,야간,일,1,1,0,0,0,서울,성동구,차대사람,횡단중,횡단중,운전자법규위반,과속,단일로,기타단일로,승용차,중형,보행자,보행자,958155,1951900,127.0252117,37.56498241
2016,2016102718,3,야간,목,1,1,0,0,0,전북,김제시,차대사람,횡단중,횡단중,운전자법규위반,안전운전 의무 불이행,단일로,기타단일로,승합차,소형,보행자,보행자,946154,1755469,126.9039452,35.79425898
2016,2016102206,20,주간,토,1,1,0,0,0,경북,포항시,차대사람,횡단중,횡단중,운전자법규위반,안전운전 의무 불이행,단일로,기타단일로,화물차,소형,보행자,보행자,1168329,1781292,129.3678993,36.01392873
2016,2016102220,33,야간,토,1,1,0,0,0,경북,구미시,차대사람,횡단중,횡단중,운전자법규위반,보행자 보호의무 위반,단일로,횡단보도상,승용차,경형,보행자,보행자,1074793,1793546,128.331278,36.13607248
2016,2016102314,0,주간,일,1,1,0,0,0,광주,북구,차대차,기타,기타,운전자법규위반,안전운전 의무 불이행,단일로,기타단일로,승용차,중형,승용차,중형,948733,1685316,126.9370728,35.16179704
2016,2016102418,15,야간,월,1,1,0,0,0,경북,상주시,차대차,추돌,진행중 추돌,운전자법규위반,안전운전 의무 불이행,단일로,기타단일로,화물차,소형,농기계,농기계,1063079,1829735,128.2040196,36.46314231
2016,2016102507,45,주간,화,1,1,0,0,0,전북,익산시,차대차,측면직각충돌,측면직각충돌,운전자법규위반,직진 및 우회전차의 통행방해,교차로,교차로내,승용차,중형,승용차,대형,950543,1771827,126.9516605,35.94188883
2016,2016102703,2,야간,목,1,1,0,0,0,경기,김포시,차량단독,전도전복,전도전복,운전자법규위반,안전거리 미확보,단일로,기타단일로,이륜차,소형,,,922352,1958011,126.6201497,37.61826486
2016,2016102822,10,야간,금,1,2,0,1,0,경북,울진군,차대차,추돌,진행중 추돌,운전자법규위반,안전운전 의무 불이행,단일로,기타단일로,승용차,소형,승용차,중형,1169108,1886856,129.3996323,36.96495677
2016,2016091320,35,야간,화,1,1,0,0,0,전북,전주시,차대사람,횡단중,횡단중,운전자법규위반,안전운전 의무 불이행,단일로,기타단일로,승합차,대형,보행자,보행자,966035,1756665,127.1240657,35.80585091
2016,2016092105,35,야간,수,1,2,1,0,0,경북,안동시,차대사람,횡단중,횡단중,운전자법규위반,보행자 보호의무 위반,교차로,교차로내,승용차,경형,보행자,보행자,1107801,1842116,128.7048082,36.57074696
2016,2016092915,27,주간,목,2,2,0,0,0,경기,부천시,차대차,정면충돌,정면충돌,운전자법규위반,안전운전 의무 불이행,교차로,교차로내,승용차,중형,이륜차,중형,939183,1942296,126.8121547,37.47789439
2016,2016092709,5,주간,화,1,2,0,1,0,경북,문경시,차대사람,횡단중,횡단중,운전자법규위반,안전운전 의무 불이행,단일로,기타단일로,이륜차,소형,보행자,보행자,1062354,1843318,128.1970261,36.5856335
2016,2016092509,15,주간,일,1,1,0,0,0,충북,단양군,차량단독,전도전복,전도전복,운전자법규위반,안전운전 의무 불이행,기타/불명,기타/불명,농기계,농기계,,,1079356,1901452,128.3931394,37.10836571
2016,2016083113,40,주간,수,1,1,0,0,0,충남,아산시,차대사람,횡단중,횡단중,운전자법규위반,안전운전 의무 불이행,단일로,기타단일로,승용차,중형,보행자,보행자,953077,1861422,126.9743534,36.74971686
2016,2016090111,40,주간,목,1,2,1,0,0,전남,장흥군,차대차,정면충돌,정면충돌,운전자법규위반,중앙선 침범,단일로,기타단일로,건설기계,건설기계,승용차,대형,944342,1627597,126.8927041,34.64110677
2016,2016090110,23,주간,목,1,2,1,0,0,경북,의성군,차대차,기타,기타,운전자법규위반,안전운전 의무 불이행,고가도로위,고가도로위,화물차,소형,농기계,농기계,1104535,1826448,128.6661936,36.42988966
2016,2016090416,18,주간,일,1,1,0,0,0,전남,고흥군,차대차,정면충돌,정면충돌,운전자법규위반,안전운전 의무 불이행,단일로,기타단일로,농기계,농기계,이륜차,소형,983980,1623092,127.3252837,34.60186766
2016,2016083010,15,주간,화,1,1,0,0,0,경남,창원시(통합),차대차,측면직각충돌,측면직각충돌,운전자법규위반,안전운전 의무 불이행,교차로,교차로부근,이륜차,소형,화물차,중형,1090864,1682289,128.4973354,35.13170589
2016,2016090602,0,야간,화,1,1,0,0,0,인천,남동구,차량단독,공작물충돌,공작물충돌,운전자법규위반,안전운전 의무 불이행,단일로,교량위,이륜차,소형,,,932631,1936006,126.7386315,37.42074835
2016,2016090108,25,주간,목,1,1,0,0,0,인천,남동구,차대차,정면충돌,정면충돌,운전자법규위반,중앙선 침범,단일로,기타단일로,자전거,자전거,승용차,중형,931182,1939142,126.7219645,37.44890631
2016,2016101007,4,주간,월,1,1,0,0,0,전남,신안군,차대차,기타,기타,운전자법규위반,안전운전 의무 불이행,교차로,교차로내,화물차,소형,승용차,경형,884656,1651279,126.2383185,34.84963406
2016,2016100813,44,주간,토,1,1,0,0,0,경북,칠곡군,차대사람,기타,기타,운전자법규위반,중앙선 침범,단일로,기타단일로,화물차,소형,보행자,보행자,1083715,1779729,128.4289634,36.01078792
2016,2016101412,16,주간,금,1,3,2,0,0,세종,세종,차대차,측면직각충돌,측면직각충돌,운전자법규위반,부당한 회전,단일로,기타단일로,원동기장치자전거,원동기장치자전거,원동기장치자전거,원동기장치자전거,981146,1845570,127.2891783,36.6077869
2016,2016100910,30,주간,일,1,1,0,0,0,경남,함양군,차대차,측면직각충돌,측면직각충돌,운전자법규위반,교차로 통행방법 위반,단일로,기타단일로,이륜차,소형,승용차,경형,1025917,1725013,127.785839,35.52071134
2016,2016101918,15,야간,수,1,1,0,0,0,전남,순천시,차대차,기타,기타,운전자법규위반,중앙선 침범,단일로,기타단일로,원동기장치자전거,원동기장치자전거,승용차,경형,987154,1669540,127.3591889,35.0207662
2016,2016102108,15,주간,금,1,1,0,0,0,경남,양산시,차대차,추돌,진행중 추돌,운전자법규위반,안전운전 의무 불이행,교차로,교차로부근,화물차,소형,화물차,소형,1140948,1711912,129.0520009,35.39295075
2016,2016100814,50,주간,토,1,1,0,0,0,서울,서대문구,차대사람,횡단중,횡단중,운전자법규위반,안전운전 의무 불이행,단일로,기타단일로,승합차,대형,보행자,보행자,949128,1952038,126.9239531,37.56630201
2016,2016102306,54,주간,일,1,1,0,0,0,제주,서귀포시,차대차,측면직각충돌,측면직각충돌,운전자법규위반,직진 및 우회전차의 통행방해,교차로,교차로내,화물차,소형,이륜차,소형,893231,1477278,126.3533672,33.28165069
2016,2016102405,19,야간,월,1,1,0,0,0,인천,남구,차대차,측면직각충돌,측면직각충돌,운전자법규위반,부당한 회전,교차로,교차로부근,자전거,자전거,승용차,경형,924133,1940390,126.64215,37.45960272
2016,2016102410,40,주간,월,1,1,0,0,0,서울,강서구,차대사람,횡단중,횡단중,운전자법규위반,안전운전 의무 불이행,단일로,기타단일로,승용차,경형,보행자,보행자,944363,1950610,126.870108,37.55315581
2016,2016102518,27,야간,화,1,1,0,0,0,제주,서귀포시,차대사람,횡단중,횡단중,운전자법규위반,보행자 보호의무 위반,교차로,교차로내,승용차,경형,보행자,보행자,943955,1490831,126.8982257,33.40955478
2016,2016102718,25,야간,목,1,1,0,0,0,제주,서귀포시,차대사람,횡단중,횡단중,운전자법규위반,안전운전 의무 불이행,단일로,기타단일로,승용차,경형,보행자,보행자,927640,1477234,126.7229087,33.28407025
2016,2016102415,35,주간,월,1,1,0,0,0,전남,장흥군,차량단독,기타,기타,운전자법규위반,안전운전 의무 불이행,교차로,교차로부근,농기계,농기계,,,957415,1627586,127.0353421,34.64163445
2016,2016102119,20,야간,금,1,1,0,0,0,충남,서천군,차대사람,기타,기타,운전자법규위반,안전운전 의무 불이행,단일로,기타단일로,승용차,경형,보행자,보행자,936489,1791413,126.7942773,36.11764795
2016,2016102412,38,주간,월,1,1,0,0,0,전북,고창군,차량단독,전도전복,전도전복,운전자법규위반,안전운전 의무 불이행,단일로,기타단일로,농기계,농기계,,,928952,1724190,126.7165111,35.511085
2016,2016102607,50,주간,수,1,1,0,0,0,경북,예천군,차량단독,도로이탈,도로이탈 기타,운전자법규위반,안전운전 의무 불이행,단일로,기타단일로,화물차,중형,,,1085763,1871400,128.4618256,36.83693615
2016,2016102115,30,주간,금,1,1,0,0,0,경기,포천시,차량단독,전도전복,전도전복,운전자법규위반,안전운전 의무 불이행,단일로,기타단일로,이륜차,사발이,,,980055,1990869,127.2730833,37.91748388
2016,2016102123,20,야간,금,1,1,0,0,0,경기,화성시,차대사람,횡단중,횡단중,운전자법규위반,안전운전 의무 불이행,교차로,교차로부근,승용차,소형,보행자,보행자,953163,1907090,126.9724851,37.16137777
2016,2016102512,2,주간,화,1,1,0,0,0,전북,익산시,차대사람,횡단중,횡단중,운전자법규위반,안전운전 의무 불이행,단일로,기타단일로,화물차,대형,보행자,보행자,951291,1770828,126.9600147,35.93291981
2016,2016102216,50,주간,토,1,1,0,0,0,경기,고양시,차대사람,차도통행중,차도통행중,운전자법규위반,안전운전 의무 불이행,교차로,교차로내,건설기계,건설기계,보행자,보행자,940928,1968296,126.8297911,37.71234316
2016,2016102706,15,주간,목,1,1,0,0,0,서울,금천구,차대사람,횡단중,횡단중,운전자법규위반,안전운전 의무 불이행,단일로,기타단일로,승합차,경형,보행자,보행자,946752,1942258,126.8977376,37.47798757
2016,2016102715,53,주간,목,1,2,0,1,0,제주,제주시,차대차,추돌,진행중 추돌,운전자법규위반,안전운전 의무 불이행,단일로,기타단일로,화물차,중형,승용차,경형,905984,1495364,126.4883052,33.44617603
2016,2016092111,25,주간,수,1,1,0,0,0,전남,해남군,차대차,측면직각충돌,측면직각충돌,운전자법규위반,중앙선 침범,교차로,교차로부근,승용차,경형,이륜차,소형,921900,1620507,126.6485083,34.57571097
2016,2016091815,30,주간,일,1,1,0,0,0,전남,함평군,차량단독,전도전복,전도전복,운전자법규위반,안전운전 의무 불이행,단일로,기타단일로,이륜차,소형,,,919092,1689861,126.6111881,35.20082583