발생년,발생년월일시,발생분,주야,요일,사망자수,사상자수,중상자수,경상자수,부상신고자수,발생지시도,발생지시군구,사고유형_대분류,사고유형_중분류,사고유형,법규위반_대분류,법규위반,도로형태_대분류,도로형태,당사자종별_1당_대분류,당사자종별_1당,당사자종별_2당_대분류,당사자종별_2당,발생위치X_UTMK,발생위치Y_UTMK,경도,위도
2016,2016091815,30,주간,일,1,2,0,1,0,충남,홍성군,차대차,측면직각충돌,측면직각충돌,운전자법규위반,안전거리 미확보,단일로,기타단일로,이륜차,소형,승용차,경형,927284,1845439,126.6869512,36.6040189
2016,2016091401,5,야간,수,1,1,0,0,0,제주,제주시,차대사람,기타,기타,운전자법규위반,안전운전 의무 불이행,단일로,기타단일로,화물차,소형,보행자,보행자,907456,1497397,126.498706,33.46467671
2016,2016092001,43,야간,화,1,1,0,0,0,경기,수원시,차대차,추돌,진행중 추돌,운전자법규위반,안전운전 의무 불이행,단일로,기타단일로,승용차,중형,화물차,대형,952129,1918732,126.9600926,37.2662629
2016,2016091710,0,주간,토,1,1,0,0,0,경기,평택시,차대차,측면직각충돌,측면직각충돌,운전자법규위반,신호위반,교차로,교차로내,화물차,소형,승용차,경형,964387,1894059,127.0995142,37.04441093
2016,2016092200,50,야간,목,1,4,1,2,0,경북,구미시,차량단독,전도전복,전도전복,운전자법규위반,안전운전 의무 불이행,단일로,기타단일로,승용차,경형,,,1076591,1786821,128.3506059,36.07530767
2016,2016092622,40,야간,월,1,1,0,0,0,경북,포항시,차대차,기타,기타,운전자법규위반,안전운전 의무 불이행,단일로,기타단일로,승용차,중형,원동기장치자전거,원동기장치자전거,1168615,1790475,129.3730319,36.09662761
2016,2016092406,3,주간,토,1,1,0,0,0,대전,대덕구,차대사람,횡단중,횡단중,운전자법규위반,안전운전 의무 불이행,교차로,교차로내,건설기계,건설기계,보행자,보행자,993112,1822482,127.4231855,36.39980613
2016,2016092302,56,야간,금,1,4,0,2,1,서울,서대문구,차대사람,횡단중,횡단중,운전자법규위반,과속,단일로,기타단일로,승용차,중형,보행자,보행자,949655,1951783,126.9299378,37.56403263
2016,2016092804,46,야간,수,1,1,0,0,0,경북,포항시,차대사람,횡단중,횡단중,운전자법규위반,안전운전 의무 불이행,교차로,교차로부근,화물차,소형,보행자,보행자,1167445,1783256,129.3585102,36.03177899
2016,2016090409,10,주간,일,1,1,0,0,0,전북,남원시,차대차,측면직각충돌,측면직각충돌,운전자법규위반,직진 및 우회전차의 통행방해,교차로,교차로내,승용차,소형,이륜차,소형,990214,1713288,127.3925361,35.41492022
2016,2016090412,40,주간,일,1,1,0,0,0,충남,아산시,차량단독,도로이탈,도로이탈 기타,운전자법규위반,안전운전 의무 불이행,단일로,기타단일로,이륜차,중형,,,949820,1863622,126.9377243,36.76938169
2016,2016090308,0,주간,토,1,1,0,0,0,경기,평택시,차량단독,전도전복,전도전복,운전자법규위반,안전운전 의무 불이행,단일로,기타단일로,승용차,경형,,,967095,1888379,127.1302146,36.99330909
2016,2016090122,0,야간,목,1,1,0,0,0,경기,수원시,차대사람,횡단중,횡단중,운전자법규위반,안전운전 의무 불이행,단일로,횡단보도상,원동기장치자전거,원동기장치자전거,보행자,보행자,957550,1919709,127.0211749,37.27533231
2016,2016090119,50,야간,목,1,1,0,0,0,충북,청주시,차대사람,길가장자리구역통행중,길가장자리구역통행중,운전자법규위반,안전운전 의무 불이행,단일로,기타단일로,승용차,경형,보행자,보행자,1000583,1854022,127.5065254,36.6841677
2016,2016090116,30,주간,목,1,1,0,0,0,대구,달성군,차대차,추돌,진행중 추돌,운전자법규위반,안전운전 의무 불이행,단일로,기타단일로,화물차,소형,특수차,대형,1085654,1743240,128.4466169,35.68170805
2016,2016090122,5,야간,목,1,1,0,0,0,부산,진구,차대사람,횡단중,횡단중,운전자법규위반,안전운전 의무 불이행,단일로,기타단일로,승용차,중형,보행자,보행자,1139612,1685100,129.0327344,35.15146108
2016,2016083010,50,주간,화,1,1,0,0,0,충남,보령시,차대사람,횡단중,횡단중,운전자법규위반,보행자 보호의무 위반,교차로,교차로부근,화물차,소형,보행자,보행자,918902,1817219,126.5961997,36.3489649
2016,2016083120,4,야간,수,1,1,0,0,0,충남,당진시,차대사람,차도통행중,차도통행중,운전자법규위반,안전운전 의무 불이행,단일로,기타단일로,화물차,소형,보행자,보행자,931214,1877736,126.7279782,36.89543549
2016,2016083120,10,야간,수,1,1,0,0,0,경북,상주시,차대차,정면충돌,정면충돌,운전자법규위반,중앙선 침범,교차로,교차로내,화물차,소형,이륜차,사발이,1039850,1827398,127.9446515,36.44332197
2016,2016101308,45,주간,목,1,1,0,0,0,전남,고흥군,차대사람,기타,기타,운전자법규위반,안전운전 의무 불이행,단일로,기타단일로,화물차,소형,보행자,보행자,976878,1614713,127.2480568,34.52617034
2016,2016101220,0,야간,수,1,1,0,0,0,대구,남구,차대차,추돌,진행중 추돌,운전자법규위반,안전운전 의무 불이행,교차로,교차로부근,화물차,소형,자전거,자전거,1095964,1759702,128.5624502,35.82912471
2016,2016101104,0,야간,화,1,1,0,0,0,울산,울주군,차대사람,차도통행중,차도통행중,운전자법규위반,안전운전 의무 불이행,단일로,기타단일로,승용차,중형,보행자,보행자,1154781,1719069,129.2056204,35.4554029
2016,2016101018,59,야간,월,1,1,0,0,0,서울,도봉구,차대차,측면직각충돌,측면직각충돌,운전자법규위반,신호위반,교차로,교차로내,원동기장치자전거,원동기장치자전거,승용차,중형,960734,1960792,127.054899,37.64577192
2016,2016100801,10,야간,토,1,2,1,0,0,전북,전주시,차대사람,횡단중,횡단중,운전자법규위반,안전운전 의무 불이행,단일로,기타단일로,승용차,소형,보행자,보행자,965802,1758806,127.1214591,35.82521214
2016,2016100519,30,야간,수,1,1,0,0,0,전북,군산시,차대사람,횡단중,횡단중,운전자법규위반,보행자 보호의무 위반,단일로,횡단보도상,화물차,소형,보행자,보행자,929020,1777273,126.7125606,35.9896581
2016,2016101306,55,주간,목,1,1,0,0,0,전남,담양군,차대차,정면충돌,정면충돌,운전자법규위반,중앙선 침범,단일로,기타단일로,원동기장치자전거,원동기장치자전거,화물차,소형,953942,1692538,126.9938634,35.22716863
2016,2016101000,32,야간,월,1,1,0,0,0,대구,동구,차대사람,기타,기타,운전자법규위반,과속,단일로,기타단일로,승용차,경형,보행자,보행자,1102321,1769390,128.6340627,35.9158132
2016,2016102016,15,주간,목,1,1,0,0,0,서울,동작구,차대사람,횡단중,횡단중,운전자법규위반,보행자 보호의무 위반,교차로,교차로부근,화물차,소형,보행자,보행자,950482,1945357,126.9373967,37.50476318
2016,2016102108,57,주간,금,1,1,0,0,0,제주,서귀포시,차량단독,전도전복,전도전복,운전자법규위반,안전운전 의무 불이행,단일로,기타단일로,승용차,경형,,,917656,1484501,126.6150366,33.34889367
2016,2016102504,30,야간,화,1,1,0,0,0,인천,남동구,차대사람,횡단중,횡단중,운전자법규위반,안전운전 의무 불이행,단일로,기타단일로,승용차,중형,보행자,보행자,931299,1940426,126.7231675,37.46048758
2016,2016102320,30,야간,일,1,1,0,0,0,경기,여주시,차대사람,차도통행중,차도통행중,운전자법규위반,안전운전 의무 불이행,단일로,기타단일로,화물차,소형,보행자,보행자,1003763,1912102,127.5424079,37.20772314
2016,2016102405,34,야간,월,1,1,0,0,0,서울,금천구,차대차,측면직각충돌,측면직각충돌,운전자법규위반,신호위반,교차로,교차로내,화물차,중형,자전거,자전거,946025,1940008,126.8897017,37.45769733
2016,2016102801,0,야간,금,1,1,0,0,0,경남,김해시,차량단독,전도전복,전도전복,운전자법규위반,안전운전 의무 불이행,단일로,기타단일로,이륜차,소형,,,1128368,1695339,128.910922,35.24525816
2016,2016102720,30,야간,목,1,1,0,0,0,전남,여수시,차대사람,횡단중,횡단중,운전자법규위반,안전운전 의무 불이행,단일로,기타단일로,승용차,중형,보행자,보행자,1020469,1637921,127.7235965,34.73551445
2016,2016102406,40,주간,월,1,1,0,0,0,제주,제주시,차대차,정면충돌,정면충돌,운전자법규위반,신호위반,교차로,교차로내,승용차,중형,이륜차,소형,914677,1503642,126.5812767,33.52129297
2016,2016102408,30,주간,월,1,1,0,0,0,전북,장수군,차량단독,공작물충돌,공작물충돌,운전자법규위반,안전운전 의무 불이행,단일로,기타단일로,이륜차,사발이,,,1002532,1739084,127.5279642,35.64789095
2016,2016100401,48,야간,화,1,1,0,0,0,서울,강남구,차대차,기타,기타,운전자법규위반,신호위반,교차로,교차로내,승용차,중형,이륜차,중형,958811,1947010,127.0338766,37.5214672
2016,2016100708,15,주간,금,1,1,0,0,0,경기,평택시,차대차,측면직각충돌,측면직각충돌,운전자법규위반,중앙선 침범,단일로,기타단일로,원동기장치자전거,원동기장치자전거,승용차,경형,963542,1899672,127.0897395,37.09497458
2016,2016100705,45,야간,금,1,1,0,0,0,경남,창원시(통합),차대사람,횡단중,횡단중,운전자법규위반,보행자 보호의무 위반,단일로,기타단일로,승용차,경형,보행자,보행자,1097527,1691326,128.5715269,35.21255606
2016,2016091709,57,주간,토,1,1,0,0,0,경남,거제시,차량단독,전도전복,전도전복,운전자법규위반,안전운전 의무 불이행,기타/불명,기타/불명,승용차,경형,,,1112051,1653414,128.7259543,34.86925062
2016,2016091905,27,야간,월,1,1,0,0,0,경남,김해시,차대사람,횡단중,횡단중,운전자법규위반,안전운전 의무 불이행,교차로,교차로부근,화물차,소형,보행자,보행자,1121341,1693785,128.8334765,35.23212514
2016,2016091917,20,주간,월,1,1,0,0,0,광주,광산구,차대사람,횡단중,횡단중,운전자법규위반,보행자 보호의무 위반,교차로,교차로부근,승합차,중형,보행자,보행자,939361,1688218,126.8339577,35.18744129
2016,2016092622,50,야간,월,1,1,0,0,0,충남,홍성군,차대사람,횡단중,횡단중,운전자법규위반,보행자 보호의무 위반,단일로,기타단일로,승용차,경형,보행자,보행자,924449,1842942,126.655501,36.58129031
2016,2016092811,48,주간,수,1,1,0,0,0,광주,광산구,차량단독,공작물충돌,공작물충돌,운전자법규위반,안전운전 의무 불이행,단일로,기타단일로,화물차,중형,,,936368,1685445,126.8010896,35.16214655
2016,2016092321,0,야간,금,1,1,0,0,0,경기,김포시,차대차,측면직각충돌,측면직각충돌,운전자법규위반,안전운전 의무 불이행,단일로,기타단일로,화물차,소형,이륜차,소형,917769,1967519,126.5671529,37.70355447
2016,2016092719,55,야간,화,1,1,0,0,0,부산,사하구,차량단독,공작물충돌,공작물충돌,운전자법규위반,안전운전 의무 불이행,기타/불명,기타/불명,원동기장치자전거,원동기장치자전거,,,1132853,1677476,128.9586,35.1137535
2016,2016092721,15,야간,화,1,1,0,0,0,충남,홍성군,차대사람,횡단중,횡단중,운전자법규위반,안전운전 의무 불이행,단일로,기타단일로,승용차,경형,보행자,보행자,926709,1841731,126.6808759,36.57055046
2016,2016092320,50,야간,금,1,1,0,0,0,광주,서구,차대차,기타,기타,운전자법규위반,안전운전 의무 불이행,단일로,기타단일로,승용차,중형,이륜차,소형,941456,1683464,126.8573047,35.14470061
2016,2016090317,15,주간,토,1,1,0,0,0,대구,서구,차대사람,횡단중,횡단중,운전자법규위반,안전운전 의무 불이행,교차로,교차로내,승용차,경형,보행자,보행자,1095608,1765024,128.5591473,35.8771353
2016,2016090601,49,야간,화,2,2,0,0,0,부산,사상구,차대차,추돌,진행중 추돌,운전자법규위반,안전운전 의무 불이행,단일로,기타단일로,화물차,소형,화물차,대형,1134489,1688785,128.9771038,35.18539031
2016,2016090508,15,주간,월,1,1,0,0,0,전남,구례군,차대차,측면직각충돌,측면직각충돌,운전자법규위반,신호위반,교차로,교차로내,자전거,자전거,화물차,소형,996975,1689909,127.466767,35.20451618
2016,2016101017,45,주간,월,1,1,0,0,0,인천,강화군,차대차,측면직각충돌,측면직각충돌,운전자법규위반,안전운전 의무 불이행,단일로,기타단일로,이륜차,소형,승합차,경형,908877,1974194,126.4654577,37.76286736
2016,2016100713,54,주간,금,1,1,0,0,0,충남,서산시,차량단독,전도전복,전도전복,운전자법규위반,안전운전 의무 불이행,단일로,기타단일로,이륜차,소형,,,911712,1865588,126.510535,36.784318
2016,2016101516,20,주간,토,1,1,0,0,0,대구,달성군,차량단독,전도전복,전도전복,운전자법규위반,안전운전 의무 불이행,교차로,교차로부근,농기계,농기계,,,1089057,1755817,128.4854294,35.79464185
2016,2016101819,20,야간,화,1,1,0,0,0,경기,구리시,차대차,측면직각충돌,측면직각충돌,운전자법규위반,안전운전 의무 불이행,교차로,교차로내,승합차,대형,원동기장치자전거,원동기장치자전거,968692,1954716,127.1453656,37.59131289
2016,2016102123,6,야간,금,1,2,1,0,0,부산,사하구,차대차,기타,기타,운전자법규위반,안전운전 의무 불이행,단일로,기타단일로,이륜차,소형,화물차,중형,1133871,1676742,129.0092222,35.0836885
2016,2016102603,0,야간,수,1,2,1,0,0,전남,곡성군,차량단독,공작물충돌,공작물충돌,운전자법규위반,안전운전 의무 불이행,교차로,교차로부근,승용차,대형,,,967782,1697812,127.1457427,35.27526408
2016,2016102300,20,야간,일,1,1,0,0,0,충남,공주시,차대사람,횡단중,횡단중,운전자법규위반,안전운전 의무 불이행,기타/불명,기타/불명,승용차,경형,보행자,보행자,966744,1828769,127.1288648,36.45593302
2016,2016100506,0,주간,수,1,1,0,0,0,광주,광산구,차대사람,횡단중,횡단중,운전자법규위반,안전운전 의무 불이행,교차로,교차로부근,승용차,경형,보행자,보행자,940491,1691573,126.8461262,35.21775943
2016,2016100701,5,야간,금,1,1,0,0,0,인천,남구,차대사람,횡단중,횡단중,운전자법규위반,과속,단일로,기타단일로,승용차,중형,보행자,보행자,925233,1941114,126.6553715,37.46622821
2016,2016093017,5,주간,금,2,3,0,1,0,전북,전주시,차대사람,횡단중,횡단중,운전자법규위반,보행자 보호의무 위반,교차로,교차로내,특수차,대형,보행자,보행자,960869,1764272,127.0665153,35.87424267
2016,2016100217,10,주간,일,1,1,0,0,0,제주,제주시,차대차,정면충돌,정면충돌,운전자법규위반,안전운전 의무 불이행,단일로,기타단일로,이륜차,소형,화물차,소형,940414,1502652,126.8582859,33.51406903
2016,2016100419,20,야간,화,1,1,0,0,0,경남,합천군,차대사람,횡단중,횡단중,운전자법규위반,안전운전 의무 불이행,단일로,기타단일로,승용차,중형,보행자,보행자,1047142,1725027,128.0199239,35.52005573
2016,2016100222,10,야간,일,1,1,0,0,0,충북,제천시,차대사람,횡단중,횡단중,운전자법규위반,과속,단일로,기타단일로,승용차,중형,보행자,보행자,1066832,1905611,128.252567,37.14683062
2016,2016100217,35,주간,일,3,5,2,0,0,충남,부여군,차대차,측면직각충돌,측면직각충돌,운전자법규위반,중앙선 침범,단일로,기타단일로,화물차,소형,승용차,중형,927213,1810860,126.689407,36.29230596
2016,2016083011,10,주간,화,1,1,0,0,0,충북,진천군,차대차,기타,기타,운전자법규위반,안전운전 의무 불이행,단일로,기타단일로,농기계,농기계,승용차,중형,995208,1873494,127.4462414,36.85969145
2016,2016091615,0,주간,금,1,5,2,0,2,전남,담양군,차대차,측면직각충돌,측면직각충돌,운전자법규위반,중앙선 침범,교차로,교차로부근,승용차,대형,승용차,소형,949200,1701036,126.9412293,35.30356274
2016,2016092201,40,야간,목,2,2,0,0,0,충남,태안군,차대차,정면충돌,정면충돌,운전자법규위반,중앙선 침범,기타/불명,기타/불명,승용차,중형,승용차,중형,888740,1863569,126.2534265,36.76370167
2016,2016091909,53,주간,월,1,1,0,0,0,강원,동해시,차량단독,기타,기타,운전자법규위반,안전운전 의무 불이행,단일로,기타단일로,자전거,자전거,,,1142723,1948066,129.1150886,37.52086064
2016,2016092811,10,주간,수,1,2,0,1,0,전남,고흥군,차대차,측면직각충돌,측면직각충돌,운전자법규위반,교차로 통행방법 위반,교차로,교차로내,화물차,소형,화물차,소형,971339,1619674,127.187536,34.57076912
2016,2016092904,47,야간,목,1,2,0,1,0,서울,은평구,차대차,기타,기타,운전자법규위반,부당한 회전,교차로,교차로내,자전거,자전거,승용차,중형,948422,1955664,126.9157037,37.59894412
2016,2016092523,30,야간,일,1,1,0,0,0,경기,안산시,차대사람,차도통행중,차도통행중,운전자법규위반,안전운전 의무 불이행,단일로,기타단일로,승합차,대형,보행자,보행자,937306,1925861,126.7923217,37.32963822
2016,2016092718,45,야간,화,1,1,0,0,0,서울,용산구,차대사람,횡단중,횡단중,운전자법규위반,안전운전 의무 불이행,단일로,횡단보도상,승용차,중형,보행자,보행자,953094,1950618,126.9689509,37.55371386
2016,2016092906,35,주간,목,1,2,1,0,0,경기,고양시,차량단독,전도전복,전도전복,운전자법규위반,안전운전 의무 불이행,단일로,기타단일로,이륜차,소형,,,942956,1961071,126.8533641,37.64735411
2016,2016092805,55,야간,수,1,1,0,0,0,서울,강동구,차대사람,횡단중,횡단중,운전자법규위반,안전운전 의무 불이행,단일로,기타단일로,승용차,중형,보행자,보행자,967912,1947789,127.1368337,37.52885024
2016,2016090323,55,야간,토,1,1,0,0,0,경기,안양시,차대차,측면직각충돌,측면직각충돌,운전자법규위반,부당한 회전,단일로,기타단일로,자전거,자전거,승용차,대형,951685,1931295,126.954267,37.37947691
2016,2016090206,20,주간,금,1,1,0,0,0,대전,중구,차대차,측면직각충돌,측면직각충돌,운전자법규위반,중앙선 침범,교차로,교차로부근,원동기장치자전거,원동기장치자전거,승용차,중형,991441,1814576,127.4046376,36.32851708
2016,2016090420,32,야간,일,1,1,0,0,0,경북,포항시,차대사람,횡단중,횡단중,운전자법규위반,안전운전 의무 불이행,교차로,교차로내,승용차,중형,보행자,보행자,1164936,1780685,129.3301391,36.00903925
2016,2016090417,20,주간,일,1,1,0,0,0,충남,태안군,차량단독,도로이탈,도로이탈 추락,운전자법규위반,안전운전 의무 불이행,단일로,기타단일로,이륜차,사발이,,,898125,1831772,126.3627756,36.47816357
2016,2016090113,40,주간,목,1,1,0,0,0,경북,성주군,차대사람,기타,기타,운전자법규위반,안전운전 의무 불이행,기타/불명,기타/불명,화물차,소형,보행자,보행자,1073996,1769036,128.3201274,35.91517655
2016,2016101214,10,주간,수,1,2,0,1,0,경북,경산시,차대차,측면직각충돌,측면직각충돌,운전자법규위반,안전운전 의무 불이행,교차로,교차로내,화물차,소형,원동기장치자전거,원동기장치자전거,1119543,1763725,128.8240477,35.86279629
2016,2016100809,18,주간,토,1,2,1,0,0,충남,공주시,차대차,추돌,진행중 추돌,운전자법규위반,안전운전 의무 불이행,단일로,기타단일로,건설기계,건설기계,화물차,대형,968224,1823579,127.145594,36.40919477
2016,2016100914,50,주간,일,1,1,0,0,0,경남,밀양시,차량단독,전도전복,전도전복,운전자법규위반,안전운전 의무 불이행,단일로,기타단일로,자전거,자전거,,,1114903,1719871,128.7664077,35.46804172
2016,2016101105,20,야간,화,1,1,0,0,0,경기,평택시,차대사람,횡단중,횡단중,운전자법규위반,안전운전 의무 불이행,단일로,기타단일로,승합차,중형,보행자,보행자,949721,1886765,126.9350808,36.9779917
2016,2016100808,43,주간,토,1,1,0,0,0,경북,예천군,차대차,측면직각충돌,측면직각충돌,운전자법규위반,안전운전 의무 불이행,교차로,교차로내,승용차,경형,원동기장치자전거,원동기장치자전거,1075334,1837254,128.3415175,36.53003511
2016,2016101612,5,주간,일,1,3,1,1,0,전남,화순군,차량단독,전도전복,전도전복,운전자법규위반,과속,단일로,기타단일로,승용차,경형,,,951710,1675824,126.9703142,35.07635632
2016,2016102006,5,주간,목,1,3,1,1,0,전북,장수군,차대차,추돌,진행중 추돌,운전자법규위반,과속,단일로,기타단일로,승용차,소형,농기계,농기계,1002697,1748088,127.5298226,35.72910223
2016,2016102103,50,야간,금,1,1,0,0,0,인천,서구,차량단독,공작물충돌,공작물충돌,운전자법규위반,안전운전 의무 불이행,교차로,교차로내,승용차,중형,,,922651,1951384,126.6242375,37.5585644
2016,2016102020,48,야간,목,1,1,0,0,0,인천,서구,차대사람,횡단중,횡단중,운전자법규위반,안전운전 의무 불이행,단일로,기타단일로,승용차,대형,보행자,보행자,926965,1946424,126.6735702,37.51421374
2016,2016101720,18,야간,월,1,1,0,0,0,충남,서산시,차대사람,횡단중,횡단중,운전자법규위반,과속,단일로,기타단일로,승용차,경형,보행자,보행자,905250,1867055,126.4379422,36.79691596
2016,2016101621,55,야간,일,1,1,0,0,0,충남,천안시,차대차,기타,기타,운전자법규위반,안전운전 의무 불이행,기타/불명,기타/불명,화물차,소형,승합차,대형,968611,1874950,127.1478084,36.87230708
2016,2016100320,10,야간,월,1,1,0,0,0,대구,남구,차대사람,기타,기타,운전자법규위반,안전운전 의무 불이행,단일로,기타단일로,승용차,중형,보행자,보행자,1096761,1760208,128.5712234,35.83361509
2016,2016100505,50,야간,수,1,1,0,0,0,강원,원주시,차대사람,기타,기타,운전자법규위반,안전운전 의무 불이행,단일로,횡단보도상,승용차,중형,보행자,보행자,1029324,1924502,127.8309532,37.31896885
2016,2016100322,45,야간,월,1,1,0,0,0,전북,전주시,차대차,정면충돌,정면충돌,운전자법규위반,부당한 회전,교차로,교차로내,승용차,경형,이륜차,소형,965318,1759046,127.1158466,35.8274069
2016,2016100201,30,야간,일,1,1,0,0,0,충남,공주시,차량단독,공작물충돌,공작물충돌,운전자법규위반,안전운전 의무 불이행,단일로,기타단일로,화물차,소형,,,977863,1821314,127.2531638,36.38904586
2016,2016100405,20,야간,화,1,1,0,0,0,서울,서초구,차대사람,횡단중,횡단중,운전자법규위반,안전운전 의무 불이행,단일로,기타단일로,승용차,중형,보행자,보행자,957354,1943006,127.017621,37.48531156
2016,2016100523,20,야간,수,1,1,0,0,0,경기,남양주시,차량단독,전도전복,전도전복,운전자법규위반,안전운전 의무 불이행,단일로,기타단일로,승용차,소형,,,976400,1958395,127.2325565,37.62470323
2016,2016093016,40,주간,금,1,1,0,0,0,충북,충주시,차량단독,전도전복,전도전복,운전자법규위반,안전운전 의무 불이행,교차로,교차로내,원동기장치자전거,원동기장치자전거,,,1041091,1899081,127.9623617,37.08945548
2016,2016100210,32,주간,일,1,1,0,0,0,경북,안동시,차대차,정면충돌,정면충돌,운전자법규위반,신호위반,교차로,교차로내,승용차,중형,화물차,중형,1110610,1840297,128.7359344,36.55403095
2016,2016100123,30,야간,토,1,1,0,0,0,인천,옹진군,차대사람,길가장자리구역통행중,길가장자리구역통행중,운전자법규위반,안전운전 의무 불이행,단일로,기타단일로,승용차,중형,보행자,보행자,756184,2000094,124.7244367,37.9680867
2016,2016100419,10,야간,화,1,1,0,0,0,경남,함안군,차대사람,기타,기타,운전자법규위반,안전운전 의무 불이행,교차로,교차로부근,화물차,소형,보행자,보행자,1077846,1694714,128.355637,35.24482319
2016,2016092100,14,야간,수,1,4,3,0,0,경기,광주시,차대차,추돌,진행중 추돌,운전자법규위반,안전운전 의무 불이행,단일로,기타단일로,승용차,소형,화물차,소형,976603,1932815,127.2356713,37.39414167
2016,2016091309,25,주간,화,1,1,0,0,0,전남,강진군,차대차,측면직각충돌,측면직각충돌,운전자법규위반,과속,교차로,교차로내,화물차,소형,원동기장치자전거,원동기장치자전거,936191,1617722,126.8045149,34.55158491
2016,2016092823,48,야간,수,1,2,1,0,0,충남,당진시,차대차,정면충돌,정면충돌,운전자법규위반,중앙선 침범,단일로,기타단일로,승용차,경형,승용차,대형,938751,1876109,126.8126955,36.88128929
2016,2016092613,0,주간,월,1,1,0,0,0,충남,부여군,차대차,추돌,진행중 추돌,운전자법규위반,안전운전 의무 불이행,단일로,기타단일로,화물차,중형,화물차,소형,956482,1805082,127.0156692,36.24198147
2016,2016092801,48,야간,수,1,1,0,0,0,서울,구로구,차대사람,횡단중,횡단중,운전자법규위반,안전운전 의무 불이행,교차로,교차로부근,승용차,중형,보행자,보행자,943065,1943791,126.8559421,37.49161644
2016,2016092509,5,주간,일,1,2,1,0,0,전북,전주시,차대차,측면직각충돌,측면직각충돌,운전자법규위반,부당한 회전,단일로,기타단일로,승용차,중형,승용차,중형,964788,1763783,127.1099498,35.86998269
2016,2016102317,24,주간,일,1,1,0,0,0,강원,고성군,차량단독,전도전복,전도전복,운전자법규위반,안전운전 의무 불이행,단일로,기타단일로,승용차,경형,,,1082317,2049484,128.443867,38.44262176
2016,2016100901,46,야간,일,1,1,0,0,0,인천,남구,차대사람,차도통행중,차도통행중,운전자법규위반,안전운전 의무 불이행,단일로,기타단일로,화물차,소형,보행자,보행자,925355,1938578,126.6561496,37.44337109
2016,2016092919,30,야간,목,1,3,1,1,0,경기,양주시,차대차,측면직각충돌,측면직각충돌,운전자법규위반,중앙선 침범,단일로,기타단일로,승용차,소형,승용차,중형,954284,1980939,126.9805202,37.82705701
2016,2016092619,0,야간,월,1,2,1,0,0,세종,세종,차대차,추돌,진행중 추돌,운전자법규위반,안전운전 의무 불이행,단일로,기타단일로,승용차,경형,자전거,자전거,980140,1844137,127.2779666,36.59484802
2016,2016082920,20,야간,월,1,3,2,0,0,경북,칠곡군,차대차,추돌,진행중 추돌,운전자법규위반,안전운전 의무 불이행,단일로,기타단일로,승용차,경형,건설기계,건설기계,1089129,1772501,128.4882207,35.94514984
2016,2016090307,35,주간,토,1,2,0,0,1,전남,나주시,차량단독,도로이탈,도로이탈 기타,운전자법규위반,안전운전 의무 불이행,단일로,기타단일로,원동기장치자전거,원동기장치자전거,,,920454,1665757,126.6284642,34.98360691
2016,2016090200,15,야간,금,1,1,0,0,0,전북,전주시,차대사람,횡단중,횡단중,운전자법규위반,과속,단일로,기타단일로,승용차,경형,보행자,보행자,965927,1758518,127.1227913,35.82255386
2016,2016101017,25,주간,월,1,1,0,0,0,경남,남해군,차대사람,횡단중,횡단중,운전자법규위반,안전운전 의무 불이행,단일로,기타단일로,승용차,경형,보행자,보행자,1049994,1638942,128.0461691,34.74370225
2016,2016101220,5,야간,수,1,1,0,0,0,경북,성주군,차량단독,전도전복,전도전복,운전자법규위반,안전운전 의무 불이행,단일로,기타단일로,자전거,자전거,,,1071046,1769766,128.2874994,35.92197651
2016,2016101006,18,주간,월,1,1,0,0,0,전남,영암군,차대차,측면직각충돌,측면직각충돌,운전자법규위반,부당한 회전,교차로,교차로내,이륜차,사발이,화물차,소형,926693,1647238,126.6984389,34.817098
2016,2016100918,30,야간,일,1,1,0,0,0,전북,남원시,차대차,측면직각충돌,측면직각충돌,운전자법규위반,과속,교차로,교차로내,승용차,중형,농기계,농기계,988303,1704708,127.3712847,35.33789535
2016,2016100720,50,야간,금,2,2,0,0,0,충남,부여군,차량단독,전도전복,전도전복,운전자법규위반,안전운전 의무 불이행,단일로,기타단일로,승용차,중형,,,954985,1806634,126.9989196,36.25590449
2016,2016100719,51,야간,금,1,2,1,0,0,경북,청송군,차대차,정면충돌,정면충돌,운전자법규위반,중앙선 침범,단일로,기타단일로,승용차,경형,화물차,소형,1128587,1811986,128.9320586,36.2966279
2016,2016100819,46,야간,토,1,1,0,0,0,서울,강동구,차대차,기타,기타,운전자법규위반,신호위반,교차로,교차로내,승용차,중형,원동기장치자전거,원동기장치자전거,968585,1950653,127.1443278,37.55468788
2016,2016102023,47,야간,목,1,2,0,1,0,경남,창원시(통합),차대사람,횡단중,횡단중,운전자법규위반,안전운전 의무 불이행,교차로,교차로부근,승합차,경형,보행자,보행자,1097798,1692029,128.5745874,35.2188676
2016,2016101806,5,주간,화,1,1,0,0,0,전북,김제시,차대사람,횡단중,횡단중,운전자법규위반,안전운전 의무 불이행,단일로,기타단일로,화물차,중형,보행자,보행자,941316,1762874,126.8518276,35.86041936
2016,2016100100,5,야간,토,1,2,1,0,0,전남,순천시,차대사람,횡단중,횡단중,운전자법규위반,보행자 보호의무 위반,단일로,횡단보도상,승용차,소형,보행자,보행자,1001667,1662342,127.5182584,34.95593885