발생년,발생년월일시,발생분,주야,요일,사망자수,사상자수,중상자수,경상자수,부상신고자수,발생지시도,발생지시군구,사고유형_대분류,사고유형_중분류,사고유형,법규위반_대분류,법규위반,도로형태_대분류,도로형태,당사자종별_1당_대분류,당사자종별_1당,당사자종별_2당_대분류,당사자종별_2당,발생위치X_UTMK,발생위치Y_UTMK,경도,위도
2016,2016100105,30,야간,토,1,8,4,3,0,충북,청주시,차량단독,도로이탈,도로이탈 추락,운전자법규위반,안전운전 의무 불이행,단일로,기타단일로,화물차,소형,,,1001040,1850930,127.5116364,36.65629315
2016,2016100507,45,주간,수,1,1,0,0,0,부산,강서구,차량단독,공작물충돌,공작물충돌,운전자법규위반,안전운전 의무 불이행,단일로,기타단일로,승합차,소형,,,1128952,1678167,128.9182929,35.09064422
2016,2016100112,0,주간,토,1,1,0,0,0,충북,충주시,차대사람,횡단중,횡단중,운전자법규위반,안전운전 의무 불이행,교차로,교차로부근,승용차,경형,보행자,보행자,1038884,1887750,127.9369432,36.98741084
2016,2016100302,30,야간,월,1,1,0,0,0,서울,관악구,차대사람,길가장자리구역통행중,길가장자리구역통행중,운전자법규위반,안전운전 의무 불이행,단일로,기타단일로,승용차,중형,보행자,보행자,951161,1942640,126.9478069,37.4816907
2016,2016100214,5,주간,일,1,1,0,0,0,광주,동구,차대차,기타,기타,운전자법규위반,신호위반,교차로,교차로내,원동기장치자전거,원동기장치자전거,승용차,중형,949175,1677559,126.9424028,35.09187599
2016,2016100218,5,야간,일,1,1,0,0,0,서울,영등포구,차대사람,기타,기타,운전자법규위반,안전운전 의무 불이행,단일로,기타단일로,승합차,중형,보행자,보행자,947380,1946361,126.9045677,37.51503631
2016,2016100305,45,야간,월,1,1,0,0,0,서울,은평구,차대차,측면직각충돌,측면직각충돌,운전자법규위반,안전운전 의무 불이행,교차로,교차로내,자전거,자전거,화물차,소형,948463,1956799,126.9160882,37.60917622
2016,2016100501,5,야간,수,1,2,0,1,0,경남,거제시,차대차,측면직각충돌,측면직각충돌,운전자법규위반,신호위반,교차로,교차로내,승용차,중형,이륜차,소형,1104353,1656320,128.642108,34.89627055
2016,2016100623,6,야간,목,1,1,0,0,0,인천,남구,차대사람,횡단중,횡단중,운전자법규위반,안전운전 의무 불이행,단일로,횡단보도상,승용차,중형,보행자,보행자,925596,1939861,126.6587443,37.45495389
2016,2016093022,40,야간,금,1,1,0,0,0,인천,남동구,차대차,추돌,진행중 추돌,운전자법규위반,안전운전 의무 불이행,단일로,기타단일로,승용차,경형,승용차,중형,930536,1937091,126.7148549,37.43037253
2016,2016100102,50,야간,토,1,1,0,0,0,대전,중구,차대차,측면직각충돌,측면직각충돌,운전자법규위반,안전운전 의무 불이행,교차로,교차로부근,승용차,중형,자전거,자전거,991897,1816665,127.4096965,36.34735424
2016,2016100400,10,야간,화,1,1,0,0,0,경북,경산시,차량단독,전도전복,전도전복,운전자법규위반,안전운전 의무 불이행,단일로,기타단일로,이륜차,소형,,,1123587,1752788,128.8671362,35.76371209
2016,2016091607,0,주간,금,1,3,0,2,0,부산,동래구,차량단독,전도전복,전도전복,운전자법규위반,안전운전 의무 불이행,단일로,기타단일로,이륜차,중형,,,1144079,1691871,129.0829424,35.21186728
2016,2016092019,35,야간,화,1,1,0,0,0,충남,부여군,차대사람,횡단중,횡단중,운전자법규위반,안전운전 의무 불이행,교차로,교차로내,승용차,중형,보행자,보행자,946977,1808914,126.9096286,36.27605222
2016,2016091719,17,야간,토,1,1,0,0,0,울산,남구,차대사람,횡단중,횡단중,운전자법규위반,안전운전 의무 불이행,교차로,교차로부근,승용차,경형,보행자,보행자,1160523,1729978,129.2710261,35.55280844
2016,2016092609,40,주간,월,1,1,0,0,0,전남,광양시,차대사람,횡단중,횡단중,운전자법규위반,안전운전 의무 불이행,교차로,교차로부근,승합차,중형,보행자,보행자,1020337,1663130,127.7227663,34.96284171
2016,2016092614,5,주간,월,1,2,1,0,0,제주,서귀포시,차대차,정면충돌,정면충돌,운전자법규위반,중앙선 침범,단일로,기타단일로,승용차,경형,화물차,소형,900189,1478580,126.4091373,33.29528749
2016,2016092912,30,주간,목,1,1,0,0,0,충남,청양군,차대차,측면직각충돌,측면직각충돌,운전자법규위반,직진 및 우회전차의 통행방해,교차로,교차로내,화물차,대형,자전거,자전거,950917,1817212,126.9529733,36.3510677
2016,2016090206,35,주간,금,1,1,0,0,0,경기,성남시,차대차,정면충돌,정면충돌,운전자법규위반,안전운전 의무 불이행,단일로,기타단일로,승용차,경형,승용차,경형,968521,1930695,127.1444561,37.37479334
2016,2016090221,15,야간,금,1,1,0,0,0,경북,예천군,차량단독,공작물충돌,공작물충돌,운전자법규위반,안전운전 의무 불이행,단일로,기타단일로,승합차,경형,,,1070578,1844929,128.2890988,36.59958235
2016,2016083007,0,주간,화,1,1,0,0,0,충남,천안시,차대차,측면직각충돌,측면직각충돌,운전자법규위반,안전운전 의무 불이행,교차로,교차로부근,화물차,소형,자전거,자전거,966436,1875595,127.1233764,36.87804657
2016,2016090601,20,야간,화,1,1,0,0,0,경기,오산시,차대사람,횡단중,횡단중,운전자법규위반,안전운전 의무 불이행,단일로,기타단일로,화물차,소형,보행자,보행자,961963,1905655,127.0716678,37.14884249
2016,2016090522,10,야간,월,1,1,0,0,0,강원,원주시,차대사람,기타,기타,운전자법규위반,안전운전 의무 불이행,기타/불명,기타/불명,승용차,경형,보행자,보행자,1039226,1925989,127.942792,37.33207983
2016,2016090302,54,야간,토,2,2,0,0,0,강원,강릉시,차대사람,기타,기타,운전자법규위반,과속,단일로,기타단일로,승용차,중형,보행자,보행자,1125324,1975678,128.9229962,37.77219125
2016,2016090312,58,주간,토,1,1,0,0,0,강원,평창군,차량단독,전도전복,전도전복,운전자법규위반,안전운전 의무 불이행,단일로,기타단일로,이륜차,대형,,,1078797,1924102,128.3892412,37.31255791
2016,2016091604,29,야간,금,1,1,0,0,0,서울,동작구,차대차,기타,기타,운전자법규위반,부당한 회전,교차로,교차로내,자전거,자전거,승용차,중형,949230,1946077,126.9255204,37.51258024
2016,2016121913,40,주간,월,1,2,0,0,1,서울,송파구,차대차,정면충돌,정면충돌,운전자법규위반,신호위반,교차로,교차로내,화물차,소형,이륜차,중형,967120,1944810,127.1280034,37.50197126
2016,2016121620,0,야간,금,1,3,1,1,0,경남,창원시(통합),차대차,측면직각충돌,측면직각충돌,운전자법규위반,안전운전 의무 불이행,단일로,기타단일로,이륜차,소형,이륜차,소형,1107240,1694843,128.6786827,35.24327108
2016,2016102514,7,주간,화,2,3,0,1,0,경기,여주시,차대차,정면충돌,정면충돌,운전자법규위반,안전운전 의무 불이행,교차로,교차로내,승용차,소형,승용차,소형,1006535,1915029,127.5736732,37.23409206
2016,2016081519,50,야간,월,1,2,0,1,0,제주,제주시,차대차,측면직각충돌,측면직각충돌,운전자법규위반,직진 및 우회전차의 통행방해,교차로,교차로내,승용차,경형,승용차,중형,903058,1500612,126.4564336,33.49296997
2016,2016033010,30,주간,수,1,1,0,0,0,경북,구미시,차량단독,전도전복,전도전복,운전자법규위반,안전운전 의무 불이행,단일로,기타단일로,이륜차,소형,,,1076972,1789680,128.3551159,36.1010509
2016,2016071613,50,주간,토,1,1,0,0,0,경기,부천시,차대차,측면직각충돌,측면직각충돌,운전자법규위반,안전운전 의무 불이행,교차로,교차로내,승용차,중형,이륜차,소형,936585,1947721,126.7823053,37.52661497
2016,2016082320,13,야간,화,1,1,0,0,0,충남,천안시,차대차,추돌,진행중 추돌,운전자법규위반,안전운전 의무 불이행,단일로,기타단일로,승용차,중형,화물차,대형,976204,1880647,127.2328237,36.92388454
2016,2016082704,42,야간,토,1,2,0,1,0,강원,춘천시,차량단독,공작물충돌,공작물충돌,운전자법규위반,안전운전 의무 불이행,단일로,기타단일로,승용차,대형,,,1020397,1985676,127.7319123,37.8706694
2016,2016081210,36,주간,금,1,1,0,0,0,강원,영월군,차대사람,횡단중,횡단중,운전자법규위반,안전운전 의무 불이행,단일로,기타단일로,승합차,대형,보행자,보행자,1085892,1909858,128.4676567,37.18355142
2016,2016082505,35,야간,목,1,1,0,0,0,경기,의정부시,차대차,측면직각충돌,측면직각충돌,운전자법규위반,안전운전 의무 불이행,교차로,교차로부근,이륜차,소형,승용차,경형,959609,1970470,127.0416103,37.73295178
2016,2016090704,31,야간,수,1,2,0,1,0,충남,천안시,차량단독,공작물충돌,공작물충돌,운전자법규위반,안전운전 의무 불이행,단일로,교량위,승용차,중형,,,978952,1862069,127.2641921,36.75647676
2016,2016100620,30,야간,목,1,2,1,0,0,충북,청주시,차대차,측면직각충돌,측면직각충돌,운전자법규위반,과속,교차로,교차로내,승용차,경형,화물차,소형,986907,1849696,127.3535261,36.6450792
2016,2016091820,20,야간,일,1,1,0,0,0,경남,진주시,차대사람,기타,기타,운전자법규위반,안전운전 의무 불이행,교차로,교차로내,화물차,소형,보행자,보행자,1053945,1689091,128.0925781,35.19569486
2016,2016102203,24,야간,토,1,1,0,0,0,경기,양주시,차량단독,전도전복,전도전복,운전자법규위반,안전운전 의무 불이행,단일로,기타단일로,이륜차,소형,,,960966,1975644,127.0567321,37.77964394
2016,2016071823,30,야간,월,1,1,0,0,0,전남,강진군,차대사람,횡단중,횡단중,운전자법규위반,안전운전 의무 불이행,단일로,기타단일로,승용차,중형,보행자,보행자,937711,1634540,126.8198446,34.70333209
2016,2016051008,25,주간,화,1,2,1,0,0,경남,사천시,차량단독,전도전복,전도전복,운전자법규위반,안전운전 의무 불이행,단일로,기타단일로,승용차,대형,,,1053016,1675682,128.0815133,35.07483845
2016,2016061412,50,주간,화,1,1,0,0,0,경기,평택시,차대사람,기타,기타,운전자법규위반,안전운전 의무 불이행,단일로,기타단일로,승합차,소형,보행자,보행자,962095,1895051,127.0736901,37.05326313
2016,2016073020,50,야간,토,1,1,0,0,0,서울,영등포구,차대사람,횡단중,횡단중,운전자법규위반,안전운전 의무 불이행,단일로,기타단일로,승용차,중형,보행자,보행자,947533,1944637,126.9060141,37.49957638
2016,2016110317,56,주간,목,1,1,0,0,0,대전,중구,차대사람,횡단중,횡단중,운전자법규위반,안전운전 의무 불이행,단일로,기타단일로,승용차,경형,보행자,보행자,991734,1814274,127.4079053,36.32579697
2016,2016122117,2,주간,수,1,1,0,0,0,광주,광산구,차대사람,횡단중,횡단중,운전자법규위반,안전운전 의무 불이행,교차로,교차로부근,승용차,중형,보행자,보행자,935398,1682410,126.7908868,35.13482621
2016,2016092706,25,주간,화,1,1,0,0,0,서울,성동구,차대사람,횡단중,횡단중,운전자법규위반,안전운전 의무 불이행,단일로,기타단일로,승용차,경형,보행자,보행자,957560,1950040,127.0195447,37.54872077
2016,2016092906,14,주간,목,1,1,0,0,0,경북,구미시,차대차,측면직각충돌,측면직각충돌,운전자법규위반,신호위반,교차로,교차로부근,승용차,중형,자전거,자전거,1082115,1793724,128.4126672,36.13708466
2016,2016072801,1,야간,목,1,1,0,0,0,경기,용인시,차량단독,공작물충돌,공작물충돌,운전자법규위반,안전운전 의무 불이행,단일로,기타단일로,승용차,소형,,,960884,1925502,127.0584753,37.32769482
2016,2016081921,0,야간,금,1,1,0,0,0,경기,안양시,차대사람,차도통행중,차도통행중,운전자법규위반,안전운전 의무 불이행,단일로,기타단일로,승용차,대형,보행자,보행자,947532,1936259,126.9070073,37.42399333
2016,2016081601,18,야간,화,1,1,0,0,0,경기,용인시,차대차,기타,기타,운전자법규위반,안전운전 의무 불이행,단일로,기타단일로,승용차,중형,승용차,중형,965100,1914627,127.1065732,37.22983785
2016,2016090305,0,야간,토,2,3,1,0,0,경북,포항시,차대차,추돌,진행중 추돌,운전자법규위반,안전운전 의무 불이행,단일로,기타단일로,승용차,대형,승용차,대형,1147385,1785802,129.1364218,36.05796792
2016,2016010205,50,야간,토,1,1,0,0,0,경남,거제시,차대차,정면충돌,정면충돌,운전자법규위반,중앙선 침범,단일로,기타단일로,화물차,소형,승합차,대형,1101402,1655346,128.6096976,34.88778822
2016,2016010211,10,주간,토,1,1,0,0,0,서울,강서구,차대차,측면직각충돌,측면직각충돌,운전자법규위반,신호위반,교차로,교차로내,이륜차,소형,승합차,대형,942086,1951145,126.8445032,37.55799275
2016,2016010921,20,야간,토,1,1,0,0,0,충남,당진시,차대사람,기타,기타,운전자법규위반,안전운전 의무 불이행,교차로,교차로내,승용차,중형,보행자,보행자,922726,1878365,126.6326581,36.90044789
2016,2016010902,0,야간,토,1,1,0,0,0,강원,원주시,차량단독,공작물충돌,공작물충돌,운전자법규위반,안전운전 의무 불이행,단일로,기타단일로,승합차,중형,,,1042246,1923474,127.9767382,37.30927807
2016,2016010719,35,야간,목,1,1,0,0,0,서울,양천구,차대차,측면직각충돌,측면직각충돌,운전자법규위반,신호위반,교차로,교차로부근,자전거,자전거,자전거,자전거,944324,1947670,126.8698895,37.52665506
2016,2016051913,5,주간,목,2,6,2,2,0,인천,부평구,차대차,추돌,진행중 추돌,운전자법규위반,안전운전 의무 불이행,단일로,기타단일로,승합차,대형,화물차,중형,931437,1947456,126.7240726,37.52385817
2016,2016120322,38,야간,토,1,3,1,1,0,경북,김천시,차대차,추돌,진행중 추돌,운전자법규위반,안전운전 의무 불이행,단일로,기타단일로,화물차,소형,화물차,중형,1052705,1793183,128.0857732,36.13425215
2016,2016112706,30,주간,일,1,2,0,0,1,서울,서초구,차대차,추돌,진행중 추돌,운전자법규위반,안전운전 의무 불이행,단일로,기타단일로,승용차,중형,화물차,소형,960482,1939017,127.0467514,37.45652739
2016,2016090223,45,야간,금,1,1,0,0,0,부산,사상구,차대사람,횡단중,횡단중,운전자법규위반,안전운전 의무 불이행,교차로,교차로부근,화물차,소형,보행자,보행자,1135098,1685538,128.9832641,35.15603051
2016,2016090304,10,야간,토,5,5,0,0,0,대구,달성군,차량단독,전도전복,전도전복,운전자법규위반,과속,단일로,기타단일로,승용차,경형,,,1084722,1747358,128.436696,35.7188784
2016,2016090510,17,주간,월,1,1,0,0,0,인천,남구,차대사람,횡단중,횡단중,운전자법규위반,보행자 보호의무 위반,교차로,교차로부근,건설기계,건설기계,보행자,보행자,924827,1940043,126.6500319,37.456532
2016,2016101401,15,야간,금,1,1,0,0,0,서울,성북구,차대사람,기타,기타,운전자법규위반,안전운전 의무 불이행,단일로,기타단일로,승용차,중형,보행자,보행자,958648,1956355,127.0315049,37.6056889
2016,2016101219,15,야간,수,1,1,0,0,0,경기,고양시,차대사람,기타,기타,운전자법규위반,안전운전 의무 불이행,교차로,교차로부근,건설기계,건설기계,보행자,보행자,944597,1960608,126.8720001,37.64328163
2016,2016101322,35,야간,목,1,1,0,0,0,경북,경산시,차량단독,전도전복,전도전복,운전자법규위반,안전운전 의무 불이행,단일로,기타단일로,승용차,경형,,,1119544,1774900,128.8257385,35.96352379
2016,2016101011,35,주간,월,1,3,1,1,0,인천,중구,차대차,추돌,진행중 추돌,운전자법규위반,안전운전 의무 불이행,교차로,교차로부근,화물차,소형,승용차,중형,923104,1941430,126.6304075,37.46889087
2016,2016101006,0,주간,월,1,1,0,0,0,경기,여주시,차대차,측면직각충돌,측면직각충돌,운전자법규위반,안전운전 의무 불이행,단일로,기타단일로,승용차,중형,농기계,농기계,1011388,1926150,127.6285544,37.33428979
2016,2016100923,15,야간,일,1,1,0,0,0,경기,포천시,차대사람,횡단중,횡단중,운전자법규위반,안전운전 의무 불이행,단일로,기타단일로,승용차,경형,보행자,보행자,981151,1983872,127.2857353,37.85444321
2016,2016102017,40,주간,목,2,5,3,0,0,경기,안성시,차대차,추돌,진행중 추돌,운전자법규위반,안전운전 의무 불이행,단일로,기타단일로,승용차,중형,화물차,소형,973433,1894809,127.2012129,37.05147137
2016,2016102100,14,야간,금,1,1,0,0,0,울산,남구,차대사람,기타,기타,운전자법규위반,안전운전 의무 불이행,단일로,기타단일로,승용차,경형,보행자,보행자,1166766,1726358,129.339128,35.51915388
2016,2016102402,24,야간,월,1,1,0,0,0,서울,도봉구,차대사람,차도통행중,차도통행중,운전자법규위반,안전운전 의무 불이행,교차로,교차로부근,승합차,소형,보행자,보행자,959882,1961546,127.0452,37.65253101
2016,2016100204,50,야간,일,1,1,0,0,0,광주,북구,차대사람,횡단중,횡단중,운전자법규위반,안전운전 의무 불이행,교차로,교차로내,승용차,중형,보행자,보행자,945231,1684971,126.8986445,35.15850151
2016,2016100304,38,야간,월,1,1,0,0,0,서울,영등포구,차대사람,차도통행중,차도통행중,운전자법규위반,안전운전 의무 불이행,단일로,기타단일로,화물차,경형,보행자,보행자,945862,1949597,126.8869864,37.54465302
2016,2016100605,23,야간,목,1,1,0,0,0,충남,공주시,차량단독,공작물충돌,공작물충돌,운전자법규위반,안전운전 의무 불이행,단일로,기타단일로,화물차,대형,,,965872,1838390,127.1187086,36.54263558
2016,2016100113,20,주간,토,1,1,0,0,0,부산,영도구,차대사람,기타,기타,운전자법규위반,신호위반,단일로,기타단일로,건설기계,건설기계,보행자,보행자,1140327,1678856,129.0399187,35.09470979
2016,2016100116,30,주간,토,1,1,0,0,0,부산,사하구,차대차,측면직각충돌,측면직각충돌,운전자법규위반,안전운전 의무 불이행,기타/불명,기타/불명,승용차,경형,이륜차,중형,1133137,1679527,128.960772,35.10210265
2016,2016100408,5,주간,화,1,1,0,0,0,부산,북구,차대사람,횡단중,횡단중,운전자법규위반,안전운전 의무 불이행,단일로,횡단보도상,승합차,중형,보행자,보행자,1136835,1691516,129.0033212,35.2096771
2016,2016100706,32,주간,금,1,1,0,0,0,부산,진구,차대차,측면직각충돌,측면직각충돌,운전자법규위반,안전운전 의무 불이행,단일로,기타단일로,화물차,대형,자전거,자전거,1142985,1687745,129.0701847,35.17476939
2016,2016093010,20,주간,금,1,2,0,0,1,경북,경주시,차대차,정면충돌,정면충돌,운전자법규위반,중앙선 침범,단일로,기타단일로,승용차,경형,화물차,소형,1145782,1778049,129.1172012,35.98833713
2016,2016093009,55,주간,금,1,1,0,0,0,경기,부천시,차대차,측면직각충돌,측면직각충돌,운전자법규위반,중앙선 침범,단일로,기타단일로,자전거,자전거,승합차,대형,935957,1943802,126.7755399,37.49124989
2016,2016093011,25,주간,금,1,1,0,0,0,충남,홍성군,차대사람,횡단중,횡단중,운전자법규위반,안전운전 의무 불이행,단일로,기타단일로,화물차,소형,보행자,보행자,925473,1845181,126.6667291,36.60155341
2016,2016093003,25,야간,금,1,1,0,0,0,광주,서구,차대사람,횡단중,횡단중,운전자법규위반,신호위반,단일로,횡단보도상,승용차,중형,보행자,보행자,943251,1684876,126.8769121,35.15753507
2016,2016100108,10,주간,토,1,1,0,0,0,경북,칠곡군,차량단독,기타,기타,운전자법규위반,안전운전 의무 불이행,단일로,기타단일로,자전거,자전거,,,1089839,1767815,128.4955621,35.90284192
2016,2016100105,50,야간,토,1,1,0,0,0,경남,창원시(통합),차대차,정면충돌,정면충돌,운전자법규위반,중앙선 침범,단일로,기타단일로,승용차,중형,원동기장치자전거,원동기장치자전거,1109229,1682012,128.6988395,35.1273824
2016,2016091718,50,야간,토,1,1,0,0,0,경남,고성군,차대사람,길가장자리구역통행중,길가장자리구역통행중,운전자법규위반,안전운전 의무 불이행,단일로,기타단일로,화물차,소형,보행자,보행자,1069521,1678289,128.2627569,35.0973414
2016,2016092802,56,야간,수,1,1,0,0,0,광주,남구,차대사람,기타,기타,운전자법규위반,과속,단일로,기타단일로,승용차,중형,보행자,보행자,945002,1682679,126.8962829,35.13782269
2016,2016092423,56,야간,토,1,1,0,0,0,서울,마포구,차대차,정면충돌,정면충돌,운전자법규위반,신호위반,교차로,교차로내,승용차,경형,이륜차,소형,950702,1949987,126.9419133,37.54790165
2016,2016092918,40,야간,목,1,1,0,0,0,경기,용인시,차대사람,차도통행중,차도통행중,운전자법규위반,안전운전 의무 불이행,단일로,기타단일로,승합차,대형,보행자,보행자,964913,1919457,127.1042375,37.27336763
2016,2016092313,6,주간,금,1,1,0,0,0,서울,중랑구,차대사람,차도통행중,차도통행중,운전자법규위반,안전운전 의무 불이행,단일로,기타단일로,화물차,소형,보행자,보행자,965063,1955759,127.10421,37.6005831
2016,2016090410,27,주간,일,1,1,0,0,0,전북,익산시,차량단독,전도전복,전도전복,운전자법규위반,안전운전 의무 불이행,단일로,기타단일로,이륜차,대형,,,962986,1786064,127.0889491,36.0707963
2016,2016090420,40,야간,일,1,1,0,0,0,서울,금천구,차대사람,기타,기타,운전자법규위반,안전운전 의무 불이행,교차로,교차로내,승합차,중형,보행자,보행자,947792,1939212,126.9097366,37.45062426
2016,2016090217,5,주간,금,1,1,0,0,0,광주,남구,차대사람,보도통행중,보도통행중,운전자법규위반,기타(운전자법규위반),단일로,기타단일로,승용차,경형,보행자,보행자,945219,1681788,126.8985682,35.12992608
2016,2016090305,29,야간,토,1,1,0,0,0,부산,북구,차대사람,횡단중,횡단중,운전자법규위반,안전운전 의무 불이행,단일로,기타단일로,승용차,중형,보행자,보행자,1136103,1690083,128.9948944,35.19692269
2016,2016100918,25,야간,일,1,1,0,0,0,경기,수원시,차대사람,횡단중,횡단중,운전자법규위반,안전운전 의무 불이행,교차로,교차로내,이륜차,소형,보행자,보행자,954000,1919701,126.9811337,37.27509147
2016,2016122914,30,주간,목,1,1,0,0,0,경남,김해시,차대사람,횡단중,횡단중,운전자법규위반,중앙선 침범,단일로,기타단일로,승용차,중형,보행자,보행자,1125974,1694263,128.8844511,35.2358625
2016,2016122121,54,야간,수,1,1,0,0,0,서울,종로구,차대사람,차도통행중,차도통행중,운전자법규위반,안전운전 의무 불이행,단일로,기타단일로,승용차,중형,보행자,보행자,952405,1956316,126.9607804,37.60503542
2016,2016122118,10,야간,수,1,1,0,0,0,광주,서구,차량단독,기타,기타,운전자법규위반,안전운전 의무 불이행,단일로,기타단일로,승합차,중형,,,943090,1682519,126.8753068,35.13627364
2016,2016122417,14,주간,토,1,6,0,4,1,경기,가평군,차대차,정면충돌,정면충돌,운전자법규위반,중앙선 침범,단일로,교량위,화물차,소형,승합차,대형,997227,1964433,127.4685523,37.67942524
2016,2016122119,20,야간,수,1,1,0,0,0,세종,세종,차대사람,기타,기타,운전자법규위반,안전운전 의무 불이행,기타/불명,기타/불명,승용차,중형,보행자,보행자,974481,1851592,127.2144521,36.66191932
2016,2016122521,50,야간,일,1,1,0,0,0,강원,춘천시,차대사람,차도통행중,차도통행중,운전자법규위반,안전운전 의무 불이행,단일로,기타단일로,승용차,중형,보행자,보행자,1019924,1987145,127.7265749,37.88391999
2016,2016120321,45,야간,토,1,1,0,0,0,경기,광주시,차대사람,횡단중,횡단중,운전자법규위반,안전운전 의무 불이행,교차로,교차로내,승용차,중형,보행자,보행자,977097,1941927,127.2409693,37.4762866
2016,2016040215,45,주간,토,1,1,0,0,0,충남,아산시,차량단독,기타,기타,운전자법규위반,안전운전 의무 불이행,단일로,기타단일로,이륜차,소형,,,943530,1867648,126.8669489,36.80531891
2016,2016080917,15,주간,화,4,6,2,0,0,충북,음성군,차대차,측면직각충돌,측면직각충돌,운전자법규위반,중앙선 침범,교차로,교차로부근,승용차,중형,승용차,중형,1017621,1881174,127.6978575,36.92877088
2016,2016072122,32,야간,목,1,1,0,0,0,서울,강북구,차대사람,기타,기타,운전자법규위반,안전운전 의무 불이행,기타/불명,기타/불명,화물차,소형,보행자,보행자,958128,1960335,127.0253857,37.64153777
2016,2016121903,20,야간,월,1,1,0,0,0,충남,논산시,차대사람,횡단중,횡단중,운전자법규위반,안전운전 의무 불이행,단일로,기타단일로,화물차,소형,보행자,보행자,960667,1802558,127.0623714,36.21940626
2016,2016110809,55,주간,화,1,2,0,1,0,충남,태안군,차대차,측면직각충돌,측면직각충돌,운전자법규위반,과속,교차로,교차로내,승용차,중형,이륜차,소형,883198,1863088,126.1914211,36.75869998
2016,2016122006,0,주간,화,1,1,0,0,0,강원,인제군,차대사람,길가장자리구역통행중,길가장자리구역통행중,운전자법규위반,안전운전 의무 불이행,단일로,기타단일로,화물차,중형,보행자,보행자,1063126,2014440,128.2202453,38.12793691
2016,2016111303,35,야간,일,1,1,0,0,0,경기,화성시,차량단독,공작물충돌,공작물충돌,운전자법규위반,안전운전 의무 불이행,교차로,교차로내,원동기장치자전거,원동기장치자전거,,,960976,1913711,127.0601326,37.22141763
2016,2016100804,16,야간,토,1,1,0,0,0,경기,평택시,차대사람,횡단중,횡단중,운전자법규위반,안전운전 의무 불이행,단일로,교량위,화물차,소형,보행자,보행자,963299,1887658,127.0875913,36.98666929
2016,2016060415,15,주간,토,1,1,0,0,0,대구,서구,차대차,측면직각충돌,측면직각충돌,운전자법규위반,신호위반,교차로,교차로내,이륜차,소형,승용차,경형,1093668,1764057,128.5375455,35.86860569
2016,2016061303,50,야간,월,1,1,0,0,0,경기,평택시,차량단독,공작물충돌,공작물충돌,운전자법규위반,안전운전 의무 불이행,교차로,교차로내,승용차,중형,,,960350,1886778,127.0545005,36.97861707
2016,2016082106,10,주간,일,1,1,0,0,0,경기,이천시,차량단독,공작물충돌,공작물충돌,운전자법규위반,안전운전 의무 불이행,교차로,교차로내,승용차,소형,,,996437,1920395,127.4598064,37.28247747
2016,2016091509,38,주간,목,1,2,1,0,0,충남,태안군,차량단독,전도전복,전도전복,운전자법규위반,안전운전 의무 불이행,단일로,기타단일로,원동기장치자전거,원동기장치자전거,,,902588,1825139,126.4134217,36.41884045
2016,2016080800,10,야간,월,1,1,0,0,0,전남,해남군,차량단독,전도전복,전도전복,운전자법규위반,안전운전 의무 불이행,단일로,기타단일로,승용차,경형,,,917749,1618759,126.6034256,34.55962521
2016,2016081716,55,주간,수,1,3,1,1,0,대구,달서구,차대차,기타,기타,운전자법규위반,과속,교차로,교차로내,승용차,중형,승용차,경형,1091770,1756864,128.518455,35.8038855
2016,2016081610,45,주간,화,1,1,0,0,0,경남,함안군,차량단독,전도전복,전도전복,운전자법규위반,안전운전 의무 불이행,교차로,교차로부근,이륜차,소형,,,1073582,1701889,128.3094174,35.30983616
2016,2016110518,45,야간,토,1,1,0,0,0,경남,통영시,차대사람,횡단중,횡단중,운전자법규위반,안전운전 의무 불이행,교차로,교차로내,승용차,대형,보행자,보행자,1078304,1659947,128.3573836,34.931318
2016,2016111817,45,주간,금,1,1,0,0,0,경북,김천시,차대사람,횡단중,횡단중,운전자법규위반,보행자 보호의무 위반,교차로,교차로부근,승용차,경형,보행자,보행자,1056865,1791475,128.1318823,36.11861915
2016,2016112518,23,야간,금,1,3,0,2,0,충북,음성군,차대차,추돌,진행중 추돌,운전자법규위반,안전운전 의무 불이행,단일로,기타단일로,화물차,경형,화물차,경형,996838,1886856,127.4547761,36.98569583
2016,2016102813,15,주간,금,1,1,0,0,0,충북,청주시,차량단독,전도전복,전도전복,운전자법규위반,안전운전 의무 불이행,단일로,기타단일로,화물차,소형,,,1011185,1848595,127.6251127,36.63517807
2016,2016112620,0,야간,토,1,2,0,1,0,경북,안동시,차대차,정면충돌,정면충돌,운전자법규위반,안전운전 의무 불이행,단일로,교량위,화물차,소형,화물차,소형,1107392,1845285,128.7006803,36.5993555
2016,2016010712,5,주간,목,1,1,0,0,0,서울,동대문구,차대사람,횡단중,횡단중,운전자법규위반,안전운전 의무 불이행,단일로,기타단일로,화물차,소형,보행자,보행자,958488,1953577,127.0298498,37.58064296
2016,2016011216,39,주간,화,1,1,0,0,0,경기,가평군,차량단독,공작물충돌,공작물충돌,운전자법규위반,안전운전 의무 불이행,단일로,기타단일로,승용차,대형,,,999828,1963920,127.4980495,37.67480554
2016,2016011409,45,주간,목,2,2,0,0,0,경북,의성군,차량단독,전도전복,전도전복,운전자법규위반,안전운전 의무 불이행,단일로,기타단일로,화물차,소형,,,1090519,1833627,128.5106942,36.49602486